SOC code,Job Zone,STEM status,Occupational title,PacMtn employed 2016Q2,PacMtn Turnover,Thurston Est Employed,Thurston Avg Wage,Thurston Entry Hrly Wage,Thurston Median Hrly Wage,Thurston Skilled Hrly Wage,Thurston Median Annual Wage,SW WA Non-Metro Est Employed,SW WA Average Wage,SW WA Entry Hrly Wage,SW WA Median Hrly Wage,SW WA Skilled Hrly Wage,SW WA Median Annual Wage
35-3021,1,,"Combined Food Preparation and Serving Workers, Including Fast Food",5908,2547,2799,$11.05,$9.75,$10.63,$11.66,"$22,985",1654,$11.26,$9.97,$10.97,$11.96,"$23,413"
41-2011,1,,Cashiers,4647,1525,1823,$13.56,$10.32,$11.79,$15.37,"$28,203",2523,$12.95,$10.10,$11.57,$14.28,"$26,939"
35-3031,1,,Waiters and Waitresses,2590,1162,1541,$15.49,$10.93,$13.63,$18.61,"$32,224",922,$13.19,$10.25,$11.39,$15.64,"$27,411"
37-3011,1,,Landscaping and Groundskeeping Workers,1918,782,471,$14.84,$12.42,$14.35,$17.32,"$30,867",467,$15.39,$11.16,$14.02,$19.76,"$31,999"
35-2021,1,,Food Preparation Workers,1154,439,607,$13.84,$10.18,$11.62,$17.35,"$28,787",894,$13.05,$9.80,$11.34,$14.62,"$27,145"
45-2093,1,,"Farmworkers, Farm, Ranch, and Aquacultural Animals",886,369,,,,,,,63,$17.69,$15.01,$18.98,$18.99,"$36,793"
35-3022,1,,"Counter Attendants, Cafeteria, Food Concession, and Coffee Shop",821,328,480,$10.96,$9.74,$10.15,$11.42,"$22,791",,$10.76,$9.72,$10.47,$11.40,"$22,373"
35-9011,1,,Dining Room and Cafeteria Attendants and Bartender Helpers,744,320,304,$11.40,$9.78,$10.53,$11.88,"$23,699",187,$10.61,$9.80,$10.51,$11.31,"$22,057"
35-9021,1,,Dishwashers,639,284,352,$11.00,$10.29,$10.97,$11.66,"$22,883",265,$10.20,$9.74,$9.78,$10.57,"$21,200"
45-4022,1,,Logging Equipment Operators,1048,278,109,$29.07,$24.12,$29.07,$33.63,"$60,455",582,$23.69,$21.27,$23.28,$25.83,"$49,275"
41-2021,1,,Counter and Rental Clerks,626,225,464,$15.95,$11.81,$15.52,$19.14,"$33,166",194,$12.94,$10.38,$11.56,$14.67,"$26,909"
45-3011,1,,Fishers and Related Fishing Workers,368,203,,,,,,,,$19.21,$12.97,$15.23,$24.48,"$39,954"
35-9031,1,,"Hosts and Hostesses, Restaurant, Lounge, and Coffee Shop",410,184,299,$11.25,$9.98,$10.94,$11.89,"$23,403",,$10.45,$9.73,$9.74,$9.92,"$21,731"
39-2021,1,,Nonfarm Animal Caretakers,384,165,152,$12.72,$10.64,$11.64,$13.79,"$26,452",58,$12.64,$10.14,$11.48,$14.20,"$26,299"
39-3091,1,,Amusement and Recreation Attendants,376,141,107,$10.83,$9.90,$10.75,$11.58,"$22,526",135,$11.61,$10.51,$11.34,$12.22,"$24,158"
51-3022,1,,"Meat, Poultry, and Fish Cutters and Trimmers",438,132,,,,,,,416,$11.89,$10.51,$11.34,$12.34,"$24,743"
35-2015,1,,"Cooks, Short Order",281,124,146,$13.20,$11.13,$12.53,$15.01,"$27,441",61,$10.86,$10.22,$10.87,$11.51,"$22,587"
53-3041,1,,Taxi Drivers and Chauffeurs,211,77,61,$12.88,$10.09,$12.23,$14.77,"$26,782",,$13.70,$10.74,$11.95,$15.63,"$28,494"
51-6011,1,,Laundry and Dry-Cleaning Workers,190,67,88,$13.54,$10.76,$12.07,$15.79,"$28,152",63,$12.33,$9.80,$11.13,$14.45,"$25,651"
35-2011,1,,"Cooks, Fast Food",119,52,,$11.98,$10.12,$11.57,$13.47,"$24,922",,$10.82,$9.73,$9.74,$9.76,"$22,506"
51-6031,1,,Sewing Machine Operators,170,46,,$14.89,$12.85,$14.48,$16.96,"$30,969",,,,,,
35-3041,1,,"Food Servers, Nonrestaurant",74,31,,$10.76,$10.03,$10.75,$11.46,"$22,383",140,,,,,
45-2041,1,,"Graders and Sorters, Agricultural Products",78,27,,,,,,,,,,,,
47-5051,1,,"Rock Splitters, Quarry",76,21,,,,,,,,$21.70,$19.15,$21.41,$23.73,"$45,148"
45-4021,1,,Fallers,58,20,,,,,,,,,,,,
47-4071,1,,Septic Tank Servicers and Sewer Pipe Cleaners,50,12,,,,,,,,$20.27,$16.81,$20.07,$23.69,"$42,140"
51-6021,1,,"Pressers, Textile, Garment, and Related Materials",23,8,,,,,,,54,$16.40,$11.68,$13.66,$21.78,"$34,124"
51-9022,1,,"Grinding and Polishing Workers, Hand",27,7,,,,,,,,,,,,
53-7011,1,STEM-literate,Conveyor Operators and Tenders,22,6,,,,,,,30,$19.02,$14.28,$20.98,$22.92,"$39,567"
47-2161,1,,Plasterers and Stucco Masons, * ,*,,,,,,,,,,,,
47-3014,1,,"Helpers--Painters, Paperhangers, Plasterers, and Stucco Masons", * ,*,,,,,,,,,,,,
47-5071,1,,"Roustabouts, Oil and Gas", * ,*,,,,,,,,,,,,
51-6051,1,,"Sewers, Hand", * ,*,,,,,,,,,,,,
41-2031,2,,Retail Salespersons,6593,2388,3975,$14.29,$10.68,$11.75,$14.75,"$29,740",2061,$13.23,$10.56,$11.78,$14.36,"$27,516"
43-9061,2,,"Office Clerks, General",4798,1650,2382,$15.43,$12.90,$15.09,$17.10,"$32,092",1267,$15.55,$12.94,$14.98,$17.77,"$32,369"
47-2031,2,,Carpenters,2844,1366,572,$28.47,$19.54,$26.30,$37.46,"$59,205",503,$24.65,$19.06,$23.21,$29.03,"$51,267"
37-2011,2,,"Janitors and Cleaners, Except Maids and Housekeeping Cleaners",3688,1320,1587,$13.38,$10.52,$12.11,$15.62,"$27,829",1020,$14.37,$11.43,$13.97,$16.99,"$29,888"
43-4051,2,,Customer Service Representatives,3444,1126,2154,$15.48,$11.56,$15.22,$18.67,"$32,195",477,$16.08,$12.82,$15.66,$18.64,"$33,443"
39-9021,2,,Personal Care Aides,2479,1002,585,$11.61,$10.42,$11.29,$12.19,"$24,147",331,$12.10,$10.86,$11.99,$13.43,"$25,167"
53-7062,2,,"Laborers and Freight, Stock, and Material Movers, Hand",2523,964,1423,$14.09,$10.53,$12.64,$16.95,"$29,299",893,$16.45,$12.34,$16.67,$19.07,"$34,229"
53-3032,2,,Heavy and Tractor-Trailer Truck Drivers,2754,953,861,$21.41,$17.17,$18.99,$24.72,"$44,539",1388,$22.21,$18.39,$21.85,$26.18,"$46,189"
41-1011,2,,First-Line Supervisors of Retail Sales Workers,2635,925,1036,$24.01,$15.00,$20.47,$27.24,"$49,926",606,$23.40,$15.61,$20.38,$25.00,"$48,673"
35-2014,2,,"Cooks, Restaurant",1888,848,945,$12.45,$10.86,$12.08,$13.93,"$25,891",575,$11.78,$10.44,$11.38,$12.71,"$24,504"
37-2012,2,,Maids and Housekeeping Cleaners,1782,731,455,$11.93,$10.23,$11.25,$12.62,"$24,810",667,$11.61,$10.20,$11.09,$11.98,"$24,168"
47-2061,2,,Construction Laborers,1531,701,336,$19.85,$14.67,$18.46,$23.46,"$41,286",388,$20.02,$14.36,$17.60,$23.28,"$41,642"
31-1014,2,STEM-literate,Nursing Assistants,1665,627,1030,$13.34,$10.93,$12.36,$15.36,"$27,737",654,$14.74,$11.28,$14.25,$17.80,"$30,643"
39-9011,2,,Childcare Workers,1414,603,116,$11.10,$10.18,$10.93,$11.68,"$23,097",349,$11.56,$10.01,$11.08,$12.44,"$24,045"
35-1012,2,,First-Line Supervisors of Food Preparation and Serving Workers,1343,588,513,$17.68,$13.06,$16.09,$22.34,"$36,772",403,$17.94,$14.19,$18.38,$21.89,"$37,302"
43-5081,2,,Stock Clerks and Order Fillers,1665,515,1197,$14.19,$10.89,$12.21,$16.50,"$29,524",627,$13.91,$10.96,$12.29,$15.28,"$28,930"
35-3011,2,,Bartenders,1129,500,588,$13.42,$10.29,$11.59,$16.56,"$27,910",297,$12.31,$10.11,$11.44,$13.44,"$25,606"
31-1011,2,,Home Health Aides,1036,460,,$14.34,$11.35,$13.94,$17.20,"$29,827",,$11.70,$10.51,$11.33,$12.28,"$24,331"
43-4171,2,,Receptionists and Information Clerks,1256,441,745,$15.38,$12.56,$15.67,$17.94,"$31,990",406,$14.85,$12.74,$14.62,$17.06,"$30,895"
53-3033,2,,Light Truck or Delivery Services Drivers,1207,419,532,$16.99,$11.48,$15.60,$19.17,"$35,340",346,$17.25,$11.25,$14.97,$20.71,"$35,869"
47-2141,2,,"Painters, Construction and Maintenance",802,406,236,$18.28,$15.30,$17.93,$21.46,"$38,044",82,$18.67,$16.63,$18.45,$21.15,"$38,826"
53-3022,2,,"Bus Drivers, School or Special Client",1458,337,824,$15.30,$13.31,$14.53,$16.96,"$31,835",453,$16.77,$15.42,$16.92,$18.42,"$34,881"
33-9032,2,,Security Guards,723,287,306,$14.79,$11.68,$13.71,$17.00,"$30,755",230,$15.54,$10.70,$12.35,$20.21,"$32,326"
53-3031,2,,Driver/Sales Workers,722,278,308,$16.11,$12.28,$15.75,$18.78,"$33,496",280,$13.86,$9.87,$11.13,$17.80,"$28,830"
43-3071,2,STEM-literate,Tellers,1007,261,,$19.57,$17.29,$20.27,$22.60,"$40,688",381,$13.85,$11.64,$13.43,$15.22,"$28,797"
47-2181,2,,Roofers,461,255,132,$20.26,$15.95,$17.76,$23.89,"$42,140",76,$19.74,$16.24,$18.19,$23.01,"$41,062"
43-3021,2,,Billing and Posting Clerks,711,248,228,$19.23,$15.91,$18.72,$22.81,"$40,003",210,$20.02,$16.30,$18.91,$22.99,"$41,640"
53-7064,2,,"Packers and Packagers, Hand",751,248,634,$13.82,$10.73,$12.00,$15.19,"$28,749",701,$11.27,$9.89,$10.17,$11.70,"$23,441"
51-2092,2,,Team Assemblers,871,223,194,$13.96,$12.26,$13.72,$15.12,"$29,040",669,$15.05,$11.50,$13.69,$18.79,"$31,286"
53-7061,2,,Cleaners of Vehicles and Equipment,568,217,278,$13.42,$10.76,$12.25,$14.52,"$27,903",117,$12.36,$10.58,$11.49,$12.80,"$25,703"
43-5052,2,,Postal Service Mail Carriers,385,203,216,$25.66,$20.60,$29.17,$29.18,"$53,357",155,$24.79,$19.14,$27.56,$29.18,"$51,546"
47-2073,2,,Operating Engineers and Other Construction Equipment Operators,553,203,,$31.35,$25.66,$29.10,$36.51,"$65,212",245,$26.88,$21.10,$23.61,$31.47,"$55,912"
35-2012,2,,"Cooks, Institution and Cafeteria",659,199,296,$14.63,$11.52,$15.06,$17.44,"$30,439",359,$14.80,$12.05,$14.79,$17.42,"$30,765"
51-1011,2,,First-Line Supervisors of Production and Operating Workers,691,168,237,$27.91,$21.84,$26.66,$32.96,"$58,060",391,$31.25,$22.23,$31.22,$37.70,"$64,981"
47-2081,2,,Drywall and Ceiling Tile Installers,317,166,60,$27.03,$24.85,$27.06,$29.26,"$56,217",74,$24.90,$19.82,$24.30,$28.68,"$51,785"
43-5071,2,,"Shipping, Receiving, and Traffic Clerks",514,159,302,$16.01,$13.19,$15.31,$18.30,"$33,300",246,$16.59,$13.76,$16.22,$19.04,"$34,507"
33-3012,2,,Correctional Officers and Jailers,980,157,202,$27.78,$24.39,$26.26,$31.61,"$57,778",879,$21.01,$18.83,$22.36,$22.93,"$43,696"
39-3011,2,,Gaming Dealers,593,156,,,,,,,,,,,,
53-7051,2,STEM-literate,Industrial Truck and Tractor Operators,484,155,241,$19.55,$15.09,$19.86,$23.46,"$40,658",198,$19.03,$15.01,$20.25,$22.56,"$39,578"
41-2022,2,,Parts Salespersons,357,140,155,$14.83,$10.97,$13.00,$17.20,"$30,831",175,$14.19,$10.88,$12.67,$15.50,"$29,527"
51-9111,2,STEM-literate,Packaging and Filling Machine Operators and Tenders,393,136,81,$16.82,$11.65,$14.25,$22.49,"$34,991",152,$16.80,$12.84,$15.38,$21.19,"$34,950"
51-3011,2,,Bakers,380,128,241,$12.67,$10.61,$11.66,$13.76,"$26,345",218,$12.30,$10.18,$11.48,$13.81,"$25,590"
47-2121,2,,Glaziers,236,127,104,$32.63,$20.83,$40.29,$45.24,"$67,875",,,,,,
51-7042,2,,"Woodworking Machine Setters, Operators, and Tenders, Except Sawing",460,122,34,$16.75,$12.69,$16.80,$20.87,"$34,838",419,$18.92,$15.23,$19.79,$22.62,"$39,360"
43-4081,2,,"Hotel, Motel, and Resort Desk Clerks",287,115,111,$11.70,$10.45,$11.24,$12.03,"$24,325",192,$11.38,$10.32,$11.10,$11.90,"$23,660"
53-7063,2,,Machine Feeders and Offbearers,394,112,,,,,,,274,$16.84,$13.93,$15.90,$19.29,"$35,024"
49-3093,2,,Tire Repairers and Changers,253,109,185,$13.36,$11.18,$12.90,$14.84,"$27,782",,,,,,
51-7041,2,,"Sawing Machine Setters, Operators, and Tenders, Wood",437,104,,$13.88,$11.49,$13.62,$16.33,"$28,877",384,$19.62,$15.85,$20.19,$23.48,"$40,799"
39-3031,2,,"Ushers, Lobby Attendants, and Ticket Takers",247,97,,,,,,,33,$12.19,$10.84,$11.97,$13.66,"$25,351"
53-6031,2,,Automotive and Watercraft Service Attendants,257,97,49,$15.23,$11.35,$13.98,$19.73,"$31,682",100,$13.41,$10.86,$11.95,$14.84,"$27,893"
43-5051,2,,Postal Service Clerks,178,94,48,$24.87,$19.59,$27.95,$28.03,"$51,720",113,$22.05,$16.01,$20.06,$27.95,"$45,867"
37-1011,2,,First-Line Supervisors of Housekeeping and Janitorial Workers,228,91,71,$17.64,$13.58,$17.52,$21.57,"$36,690",57,$17.40,$12.25,$14.80,$20.75,"$36,180"
43-3011,2,,Bill and Account Collectors,281,91,132,$17.46,$15.54,$17.63,$19.24,"$36,308",75,$21.25,$17.14,$19.13,$26.19,"$44,219"
43-9021,2,,Data Entry Keyers,235,90,129,$17.82,$14.46,$18.60,$20.96,"$37,045",56,$18.15,$14.10,$18.80,$20.97,"$37,762"
11-9051,2,,Food Service Managers,202,86,99,$28.48,$21.11,$24.80,$36.56,"$59,231",,,,,,
51-9198,2,,Helpers--Production Workers,248,85,21,$13.27,$10.87,$12.26,$15.98,"$27,601",251,$16.45,$11.75,$13.86,$19.26,"$34,236"
39-1011,2,,Gaming Supervisors,327,84,,,,,,,,,,,,
53-3021,2,,"Bus Drivers, Transit and Intercity",434,79,824,$15.30,$13.31,$14.53,$16.96,"$31,835",,$24.78,$21.81,$25.00,$28.62,"$51,538"
43-4121,2,,"Library Assistants, Clerical",447,78,,$14.51,$11.38,$13.78,$17.22,"$30,189",,,,,,
53-1031,2,,First-Line Supervisors of Transportation and Material-Moving Machine and Vehicle Operators,233,76,104,$29.50,$21.81,$28.39,$35.56,"$61,358",90,$29.15,$19.41,$27.30,$34.68,"$60,625"
51-3021,2,,Butchers and Meat Cutters,244,75,135,$16.99,$12.31,$16.01,$21.51,"$35,338",119,$15.45,$10.94,$13.45,$20.81,"$32,133"
51-7011,2,STEM-literate,Cabinetmakers and Bench Carpenters,228,75,87,$18.48,$13.91,$17.39,$23.02,"$38,431",18,$20.35,$17.22,$19.26,$22.30,"$42,341"
45-2091,2,STEM-literate,Agricultural Equipment Operators,162,68,,,,,,,,,,,,
51-3092,2,,Food Batchmakers,205,63,11,$12.97,$12.33,$13.36,$14.37,"$26,989",66,$13.25,$11.10,$12.91,$14.65,"$27,550"
41-9011,2,,Demonstrators and Product Promoters,172,61,142,$12.80,$11.82,$12.95,$14.08,"$26,626",,,,,,
47-2051,2,,Cement Masons and Concrete Finishers,118,60,81,$21.04,$16.86,$21.29,$25.09,"$43,756",,,,,,
43-3041,2,,Gaming Cage Workers,217,55,61,$21.49,$18.52,$21.53,$24.22,"$44,700",,,,,,
33-9092,2,,"Lifeguards, Ski Patrol, and Other Recreational Protective Service Workers",169,53,,,,,,,,,,,,
49-3021,2,,Automotive Body and Related Repairers,131,52,77,$30.83,$18.93,$24.00,$41.19,"$64,119",55,$21.59,$17.27,$20.97,$25.08,"$44,914"
51-9061,2,,"Inspectors, Testers, Sorters, Samplers, and Weighers",231,52,86,$28.95,$20.44,$24.67,$37.61,"$60,214",163,$17.62,$14.92,$17.16,$19.27,"$36,635"
51-9081,2,STEM-literate,Dental Laboratory Technicians,152,51,78,$19.81,$12.16,$16.37,$27.70,"$41,208",,,,,,
53-1021,2,,"First-Line Supervisors of Helpers, Laborers, and Material Movers, Hand",152,51,88,$26.49,$20.32,$23.94,$30.05,"$55,093",99,$33.47,$22.71,$35.35,$43.43,"$69,610"
43-5032,2,,"Dispatchers, Except Police, Fire, and Ambulance",135,47,71,$23.29,$15.87,$22.92,$29.21,"$48,456",44,$21.50,$15.75,$19.86,$27.78,"$44,720"
37-2021,2,,Pest Control Workers,95,45,40,$18.13,$15.71,$17.66,$20.19,"$37,720",,,,,,
39-5092,2,,Manicurists and Pedicurists,96,45,,$18.47,$15.96,$19.51,$21.75,"$38,403",,,,,,
43-4111,2,,"Interviewers, Except Eligibility and Loan",167,45,,,,,,,99,$18.15,$16.18,$18.09,$20.55,"$37,751"
27-1023,2,,Floral Designers,128,44,41,$16.82,$13.67,$16.16,$19.28,"$34,980",71,$13.74,$9.81,$13.42,$15.95,"$28,578"
43-2011,2,,"Switchboard Operators, Including Answering Service",147,43,,,,,,,40,$16.27,$13.44,$15.32,$18.65,"$33,842"
47-4051,2,,Highway Maintenance Workers,267,43,98,$20.97,$16.49,$21.09,$23.71,"$43,613",166,$22.03,$20.43,$21.00,$24.20,"$45,819"
31-9093,2,,Medical Equipment Preparers,170,42,84,$18.75,$14.94,$18.65,$22.72,"$39,005",16,$18.84,$16.34,$18.24,$21.80,"$39,199"
47-4031,2,,Fence Erectors,94,42,,,,,,,,,,,,
43-3051,2,STEM-literate,Payroll and Timekeeping Clerks,121,40,103,$23.73,$20.70,$24.02,$27.18,"$49,366",88,$22.54,$20.10,$22.65,$25.86,"$46,880"
45-4023,2,,Log Graders and Scalers,206,40,,,,,,,111,$23.30,$20.21,$22.12,$24.04,"$48,462"
31-1013,2,,Psychiatric Aides,103,39,,,,,,,,,,,,
39-1012,2,,Slot Supervisors,143,38,,,,,,,,,,,,
47-2044,2,,Tile and Marble Setters,69,36,,,,,,,,,,,,
51-9023,2,,"Mixing and Blending Machine Setters, Operators, and Tenders",134,36,21,$23.90,$20.25,$24.25,$28.15,"$49,700",35,$20.63,$14.63,$19.96,$26.05,"$42,912"
41-2012,2,,Gaming Change Persons and Booth Cashiers,137,35,,,,,,,,,,,,
23-2093,2,,"Title Examiners, Abstractors, and Searchers",141,34,,,,,,,48,$24.06,$15.93,$22.63,$33.19,"$50,045"
47-2211,2,,Sheet Metal Workers,83,34,60,$42.91,$41.16,$44.19,$47.21,"$89,260",40,$35.74,$23.17,$41.45,$46.35,"$74,339"
51-9122,2,,"Painters, Transportation Equipment",119,34,,,,,,,57,$21.01,$16.00,$19.79,$25.41,"$43,698"
47-3012,2,,Helpers--Carpenters,65,33,41,$14.82,$12.24,$15.50,$17.56,"$30,817",,,,,,
47-2041,2,,Carpet Installers,70,30,,,,,,,,$16.98,$14.12,$16.60,$18.75,"$35,320"
31-2022,2,,Physical Therapist Aides,74,29,53,$13.37,$10.97,$12.42,$15.97,"$27,808",,,,,,
37-3012,2,,"Pesticide Handlers, Sprayers, and Applicators, Vegetation",69,29,,,,,,,13,$16.54,$13.45,$15.27,$18.88,"$34,406"
51-9032,2,,"Cutting and Slicing Machine Setters, Operators, and Tenders",94,29,,,,,,,,,,,,
33-9091,2,,Crossing Guards,58,28,,,,,,,,,,,,
43-4071,2,,File Clerks,94,28,32,$14.88,$11.53,$14.30,$17.40,"$30,946",40,$16.12,$12.40,$16.08,$19.40,"$33,525"
43-4151,2,,Order Clerks,94,28,75,$20.54,$16.45,$19.58,$24.37,"$42,725",37,$16.57,$14.40,$17.00,$18.86,"$34,456"
49-9099,2,,"Installation, Maintenance, and Repair Workers, All Other",71,28,,$23.45,$13.23,$23.63,$31.52,"$48,777",19,$25.92,$22.32,$27.23,$30.21,"$53,905"
47-2221,2,STEM-literate,Structural Iron and Steel Workers,54,25,,,,,,,,,,,,
49-3053,2,STEM-literate,Outdoor Power Equipment and Other Small Engine Mechanics,69,25,19,$19.91,$17.30,$20.16,$22.87,"$41,425",,$17.43,$11.51,$20.01,$22.42,"$36,236"
51-9121,2,,"Coating, Painting, and Spraying Machine Setters, Operators, and Tenders",94,25,41,$16.89,$15.65,$17.11,$18.58,"$35,134",,,,,,
11-9131,2,,Postmasters and Mail Superintendents,45,24,,,,,,,39,$30.40,$26.24,$30.22,$35.54,"$63,253"
29-2051,2,,Dietetic Technicians,92,24,,,,,,,,,,,,
49-3092,2,,Recreational Vehicle Service Technicians,64,24,,,,,,,,,,,,
49-9098,2,,"Helpers--Installation, Maintenance, and Repair Workers",75,24,35,$13.89,$12.90,$13.81,$14.73,"$28,884",56,$16.52,$11.06,$16.08,$21.74,"$34,345"
51-9199,2,,"Production Workers, All Other",38,23,,,,,,,,,,,,
53-6021,2,,Parking Lot Attendants,53,21,39,$12.21,$10.41,$11.94,$13.86,"$25,407",,,,,,
31-9095,2,,Pharmacy Aides,66,20,22,$18.93,$15.75,$20.39,$22.32,"$39,372",,$12.86,$10.82,$12.17,$14.63,"$26,748"
47-2151,2,STEM-literate,Pipelayers,65,20,,,,,,,59,$26.31,$22.68,$27.32,$30.14,"$54,723"
51-9123,2,,"Painting, Coating, and Decorating Workers",71,20,,,,,,,,,,,,
53-7032,2,STEM-literate,Excavating and Loading Machine and Dragline Operators,60,20,,,,,,,22,$29.61,$24.74,$28.15,$33.50,"$61,592"
53-3011,2,,"Ambulance Drivers and Attendants, Except Emergency Medical Technicians",56,19,,,,,,,,,,,,
51-4194,2,,"Tool Grinders, Filers, and Sharpeners",99,18,,,,,,,94,$24.44,$21.34,$24.27,$28.26,"$50,833"
51-9051,2,,"Furnace, Kiln, Oven, Drier, and Kettle Operators and Tenders",80,18,,,,,,,80,$17.53,$14.28,$16.91,$21.00,"$36,451"
51-2022,2,,Electrical and Electronic Equipment Assemblers,62,17,,$17.48,$11.66,$15.81,$20.06,"$36,349",28,$17.04,$14.12,$16.63,$18.76,"$35,430"
51-9041,2,,"Extruding, Forming, Pressing, and Compacting Machine Setters, Operators, and Tenders",64,17,,,,,,,,$15.56,$13.49,$14.91,$17.14,"$32,368"
37-3013,2,,Tree Trimmers and Pruners,28,13,,,,,,,,,,,,
47-2071,2,STEM-literate,"Paving, Surfacing, and Tamping Equipment Operators",39,13,,,,,,,,,,,,
51-4033,2,,"Grinding, Lapping, Polishing, and Buffing Machine Tool Setters, Operators, and Tenders, Metal and Plastic",56,13,,$13.15,$11.15,$12.62,$14.89,"$27,336",,,,,,
39-2011,2,,Animal Trainers,26,12,,,,,,,,,,,,
39-3012,2,,Gaming and Sports Book Writers and Runners,49,12,,,,,,,,,,,,
47-2082,2,,Tapers,23,12,,,,,,,15,,,,,
31-1015,2,,Orderlies,48,11,,,,,,,,,,,,
47-2131,2,,"Insulation Workers, Floor, Ceiling, and Wall",20,11,,,,,,,,,,,,
47-3016,2,,Helpers--Roofers,20,11,,,,,,,,,,,,
49-9052,2,STEM-literate,Telecommunications Line Installers and Repairers,28,11,,,,,,,15,$25.34,$21.80,$24.37,$28.71,"$52,711"
51-4072,2,,"Molding, Coremaking, and Casting Machine Setters, Operators, and Tenders, Metal and Plastic",42,11,,,,,,,27,$15.68,$13.52,$15.77,$17.94,"$32,613"
27-3012,2,,Public Address System and Other Announcers,25,10,,,,,,,,,,,,
41-9041,2,,Telemarketers,30,10,,,,,,,,,,,,
47-4061,2,STEM-literate,Rail-Track Laying and Maintenance Equipment Operators,29,10,,,,,,,,,,,,
51-4031,2,,"Cutting, Punching, and Press Machine Setters, Operators, and Tenders, Metal and Plastic",42,10,,,,,,,,,,,,
43-4141,2,,New Accounts Clerks,35,9,26,$19.45,$17.29,$19.43,$22.08,"$40,453",,$17.26,$14.53,$16.76,$20.27,"$35,909"
43-5031,2,,"Police, Fire, and Ambulance Dispatchers",50,9,,,,,,,69,$21.61,$19.51,$21.57,$23.68,"$44,956"
43-5053,2,,"Postal Service Mail Sorters, Processors, and Processing Machine Operators",18,9,30,$27.95,$27.92,$27.94,$28.52,"$58,136",,,,,,
43-9071,2,,"Office Machine Operators, Except Computer",28,9,,$17.13,$14.59,$16.86,$19.32,"$35,633",,,,,,
49-9094,2,,Locksmiths and Safe Repairers,23,9,,$18.45,$16.46,$18.36,$20.76,"$38,360",,,,,,
51-2091,2,,Fiberglass Laminators and Fabricators,32,9,,,,,,,,,,,,
51-5113,2,,Print Binding and Finishing Workers,33,9,23,$17.57,$14.47,$17.13,$18.21,"$36,533",,,,,,
51-9031,2,,"Cutters and Trimmers, Hand",33,9,,,,,,,,,,,,
53-4031,2,,Railroad Conductors and Yardmasters,45,9,,,,,,,,,,,,
39-6011,2,,Baggage Porters and Bellhops,20,8,,,,,,,,,,,,
47-5021,2,,"Earth Drillers, Except Oil and Gas",21,8,,,,,,,30,$23.43,$19.95,$22.43,$26.41,"$48,726"
33-9031,2,,Gaming Surveillance Officers and Gaming Investigators,29,7,,,,,,,,,,,,
43-5041,2,,"Meter Readers, Utilities",36,7,,,,,,,27,$22.50,$20.68,$22.56,$24.51,"$46,798"
43-5111,2,,"Weighers, Measurers, Checkers, and Samplers, Recordkeeping",20,7,13,,,,,,,,,,,
43-9051,2,,"Mail Clerks and Mail Machine Operators, Except Postal Service",26,7,35,$11.31,$9.90,$10.26,$11.51,"$23,527",,,,,,
45-2011,2,STEM-literate,Agricultural Inspectors,31,7,,,,,,,,,,,,
47-2021,2,STEM-literate,Brickmasons and Blockmasons,12,7,,,,,,,,,,,,
49-3043,2,,Rail Car Repairers,17,7,,,,,,,,,,,,
49-9011,2,,Mechanical Door Repairers,14,7,,,,,,,,,,,,
49-9091,2,,"Coin, Vending, and Amusement Machine Servicers and Repairers",20,7,,,,,,,,,,,,
51-4122,2,STEM-literate,"Welding, Soldering, and Brazing Machine Setters, Operators, and Tenders",26,7,,,,,,,,,,,,
47-2042,2,,"Floor Layers, Except Carpet, Wood, and Hard Tiles",12,6,,,,,,,,,,,,
51-3093,2,,Food Cooking Machine Operators and Tenders,20,6,,,,,,,,,,,,
51-4192,2,,"Layout Workers, Metal and Plastic",30,6,,,,,,,,,,,,
53-4011,2,STEM-literate,Locomotive Engineers,46,6,,,,,,,,,,,,
53-7081,2,,Refuse and Recyclable Material Collectors,25,6,,,,,,,90,$24.70,$21.77,$24.65,$28.06,"$51,375"
43-4181,2,,Reservation and Transportation Ticket Agents and Travel Clerks,21,5,,,,,,,,,,,,
43-5021,2,,Couriers and Messengers,13,5,,,,,,,,,,,,
51-4023,2,,"Rolling Machine Setters, Operators, and Tenders, Metal and Plastic",22,5,,,,,,,,,,,,
51-7021,2,,Furniture Finishers,15,5,,,,,,,,,,,,
51-9083,2,,Ophthalmic Laboratory Technicians,17,5,,,,,,,,,,,,
51-9191,2,,Adhesive Bonding Machine Operators and Tenders,25,5,,,,,,,,,,,,
51-9192,2,,"Cleaning, Washing, and Metal Pickling Equipment Operators and Tenders",17,5,,,,,,,,,,,,
51-9194,2,,Etchers and Engravers,17,5,,,,,,,,,,,,
53-4021,2,,"Railroad Brake, Signal, and Switch Operators",14,5,,,,,,,,,,,,
17-3029,2,STEM,"Engineering Technicians, Except Drafters, All Other",15,4,,,,,,,,,,,,
39-4021,2,,Funeral Attendants,14,4,,,,,,,,,,,,
51-2023,2,,Electromechanical Equipment Assemblers,21,4,,,,,,,,,,,,
51-4021,2,,"Extruding and Drawing Machine Setters, Operators, and Tenders, Metal and Plastic",22,4,,,,,,,,,,,,
51-9011,2,STEM-literate,Chemical Equipment Operators and Tenders,18,4,,,,,,,38,$27.03,$22.54,$26.21,$29.83,"$56,233"
51-9151,2,,Photographic Process Workers and Processing Machine Operators,15,4,15,,,,,,,,,,,
51-3091,2,,"Food and Tobacco Roasting, Baking, and Drying Machine Operators and Tenders",11,3,,,,,,,,,,,,
51-4081,2,,"Multiple Machine Tool Setters, Operators, and Tenders, Metal and Plastic",16,3,,,,,,,,,,,,
51-6062,2,,"Textile Cutting Machine Setters, Operators, and Tenders",14,3,,,,,,,,,,,,
53-5011,2,,Sailors and Marine Oilers,12,3,,,,,,,,,,,,
33-9011,2,,Animal Control Workers,13,2,,,,,,,11,$20.97,$19.88,$21.73,$23.59,"$43,604"
27-2011,2,,Actors, * ,*,,,,,,,,,,,,
27-2021,2,,Athletes and Sports Competitors, * ,*,,,,,,,,,,,,
33-3011,2,,Bailiffs, * ,*,113,$23.78,$19.52,$22.37,$26.92,"$49,467",,,,,,
33-3041,2,,Parking Enforcement Workers, * ,*,69,$12.25,$10.86,$11.94,$13.67,"$25,463",,,,,,
39-3021,2,,Motion Picture Projectionists, * ,*,,,,,,,,,,,,
43-5011,2,,Cargo and Freight Agents, * ,*,,,,,,,,,,,,
43-9022,2,,Word Processors and Typists, * ,*,,,,,,,,,,,,
47-2072,2,STEM-literate,Pile-Driver Operators, * ,*,,,,,,,,,,,,
47-3013,2,,Helpers--Electricians, * ,*,,,,,,,,,,,,
47-3015,2,,"Helpers--Pipelayers, Plumbers, Pipefitters, and Steamfitters", * ,*,,,,,,,,$14.08,$11.21,$12.85,$14.74,"$29,282"
47-5013,2,,"Service Unit Operators, Oil, Gas, and Mining", * ,*,,,,,,,,,,,,
47-5081,2,,Helpers--Extraction Workers, * ,*,,,,,,,,,,,,
49-3091,2,,Bicycle Repairers, * ,*,,$13.88,$11.69,$13.70,$15.98,"$28,854",,,,,,
49-9096,2,,Riggers, * ,*,,,,,,,,,,,,
51-3023,2,,Slaughterers and Meat Packers, * ,*,,,,,,,,,,,,
51-4034,2,,"Lathe and Turning Machine Tool Setters, Operators, and Tenders, Metal and Plastic", * ,*,,,,,,,,,,,,
51-4071,2,,Foundry Mold and Coremakers, * ,*,,,,,,,,,,,,
51-4191,2,STEM-literate,"Heat Treating Equipment Setters, Operators, and Tenders, Metal and Plastic", * ,*,,,,,,,,,,,,
51-4193,2,,"Plating and Coating Machine Setters, Operators, and Tenders, Metal and Plastic", * ,*,,,,,,,,,,,,
51-6061,2,,Textile Bleaching and Dyeing Machine Operators and Tenders, * ,*,,,,,,,,,,,,
51-6063,2,,"Textile Knitting and Weaving Machine Setters, Operators, and Tenders", * ,*,,,,,,,,,,,,
51-6064,2,,"Textile Winding, Twisting, and Drawing Out Machine Setters, Operators, and Tenders", * ,*,,,,,,,,,,,,
51-6091,2,,"Extruding and Forming Machine Setters, Operators, and Tenders, Synthetic and Glass Fibers", * ,*,,,,,,,,,,,,
51-6093,2,,Upholsterers, * ,*,,,,,,,,,,,,
51-8013,2,STEM-literate,Power Plant Operators, * ,*,,,,,,,42,$40.89,$36.70,$42.12,$46.34,"$85,059"
51-8091,2,,Chemical Plant and System Operators, * ,*,,,,,,,,,,,,
51-9012,2,,"Separating, Filtering, Clarifying, Precipitating, and Still Machine Setters, Operators, and Tenders", * ,*,11,$16.41,$14.25,$16.57,$18.46,"$34,144",,,,,,
51-9021,2,,"Crushing, Grinding, and Polishing Machine Setters, Operators, and Tenders", * ,*,,,,,,,,$14.85,$12.48,$14.29,$16.91,"$30,888"
51-9196,2,,"Paper Goods Machine Setters, Operators, and Tenders", * ,*,,,,,,,,,,,,
53-4012,2,,Locomotive Firers, * ,*,,,,,,,,,,,,
53-4041,2,,Subway and Streetcar Operators, * ,*,,,,,,,,,,,,
53-5022,2,STEM-literate,Motorboat Operators, * ,*,,,,,,,,,,,,
53-6061,2,,"Transportation Attendants, Except Flight Attendants", * ,*,,,,,,,,,,,,
53-7031,2,,Dredge Operators, * ,*,,,,,,,,,,,,
53-7041,2,,Hoist and Winch Operators, * ,*,,,,,,,,,,,,
53-7121,2,,"Tank Car, Truck, and Ship Loaders", * ,*,,,,,,,,,,,,
43-6014,3,,"Secretaries and Administrative Assistants, Except Legal, Medical, and Executive",4230,1227,2382,$20.94,$16.66,$20.21,$24.02,"$43,554",1130,$17.91,$14.38,$17.46,$20.70,"$37,260"
43-3031,3,STEM-literate,"Bookkeeping, Accounting, and Auditing Clerks",2491,828,1132,$18.81,$15.78,$18.13,$21.93,"$39,133",1123,$19.32,$14.89,$18.70,$23.00,"$40,197"
49-9071,3,,"Maintenance and Repair Workers, General",2423,763,1213,$20.30,$14.73,$20.62,$25.57,"$42,224",906,$19.37,$13.59,$18.74,$24.63,"$40,282"
25-9041,3,,Teacher Assistants,3368,762,1259,,,,,"$30,972",1280,,,,,"$29,126"
41-9022,3,,Real Estate Sales Agents,1658,651,354,$33.13,$17.91,$28.58,$44.05,"$68,900",108,$16.00,$11.19,$13.16,$16.06,"$33,288"
43-1011,3,,First-Line Supervisors of Office and Administrative Support Workers,1727,522,1198,$26.63,$20.19,$25.24,$30.89,"$55,394",492,$24.84,$18.39,$23.30,$29.47,"$51,659"
39-5012,3,,"Hairdressers, Hairstylists, and Cosmetologists",1065,498,391,$13.29,$11.09,$12.67,$14.65,"$27,645",,,,,,
49-3023,3,,Automotive Service Technicians and Mechanics,1181,456,413,$20.32,$15.67,$18.09,$23.31,"$42,264",398,$19.12,$15.99,$17.97,$21.18,"$39,776"
47-2111,3,,Electricians,945,373,327,$29.58,$22.34,$27.14,$33.90,"$61,532",252,$28.36,$23.12,$27.36,$32.78,"$58,981"
31-9011,3,,Massage Therapists,782,345,218,$29.67,$25.22,$29.12,$34.48,"$61,725",50,$35.58,$31.64,$35.30,$39.95,"$74,002"
47-1011,3,STEM-literate,First-Line Supervisors of Construction Trades and Extraction Workers,658,276,262,$34.88,$26.91,$34.69,$40.55,"$72,560",182,$34.97,$28.00,$33.01,$39.78,"$72,733"
31-9091,3,STEM-literate,Dental Assistants,764,268,442,$20.46,$17.88,$20.84,$23.18,"$42,543",251,$20.44,$15.74,$21.21,$24.29,"$42,513"
15-1151,3,STEM,Computer User Support Specialists,729,252,496,$24.03,$19.01,$24.31,$28.93,"$49,994",129,$23.52,$17.22,$21.54,$27.34,"$48,909"
45-4011,3,STEM-literate,Forest and Conservation Workers,724,241,47,$21.15,$16.82,$19.76,$23.33,"$43,999",60,$13.54,$9.74,$12.47,$16.22,"$28,174"
39-9031,3,,Fitness Trainers and Aerobics Instructors,591,234,212,$23.27,$10.93,$19.65,$31.19,"$48,397",140,$22.29,$17.27,$21.72,$27.27,"$46,367"
49-1011,3,STEM-literate,"First-Line Supervisors of Mechanics, Installers, and Repairers",722,227,356,$30.14,$23.93,$29.98,$36.24,"$62,693",281,$32.11,$26.74,$30.78,$36.95,"$66,799"
47-2152,3,,"Plumbers, Pipefitters, and Steamfitters",549,223,,$28.40,$20.49,$23.40,$29.39,"$59,063",68,$30.36,$18.79,$26.93,$41.29,"$63,159"
39-1021,3,,First-Line Supervisors of Personal Service Workers,566,209,121,$18.50,$13.49,$15.37,$23.68,"$38,475",64,$18.84,$13.36,$16.45,$21.12,"$39,199"
31-9092,3,STEM-literate,Medical Assistants,673,203,432,$17.81,$15.56,$17.55,$20.00,"$37,047",187,$16.39,$14.11,$16.21,$18.30,"$34,090"
25-2011,3,STEM-literate,"Preschool Teachers, Except Special Education",451,189,321,$10.89,$9.94,$10.77,$11.60,"$22,643",107,$14.30,$11.66,$13.97,$16.72,"$29,745"
49-9021,3,STEM-literate,"Heating, Air Conditioning, and Refrigeration Mechanics and Installers",429,170,196,$24.42,$14.35,$22.82,$30.05,"$50,790",109,$26.53,$18.50,$26.64,$30.41,"$55,179"
49-3031,3,STEM-literate,Bus and Truck Mechanics and Diesel Engine Specialists,545,163,157,$24.64,$21.48,$23.75,$26.72,"$51,235",200,$23.19,$19.83,$23.42,$27.24,"$48,241"
29-2061,3,STEM,Licensed Practical and Licensed Vocational Nurses,447,157,243,$24.71,$21.34,$24.28,$28.33,"$51,404",259,$23.35,$20.58,$22.91,$26.60,"$48,584"
43-6011,3,,Executive Secretaries and Executive Administrative Assistants,670,157,378,$28.25,$23.81,$28.35,$32.15,"$58,771",86,$24.99,$20.79,$24.04,$28.66,"$51,976"
29-2052,3,STEM,Pharmacy Technicians,492,150,268,$20.25,$17.75,$20.73,$23.17,"$42,112",177,$19.33,$16.51,$19.05,$22.56,"$40,184"
25-3021,3,,Self-Enrichment Education Teachers,541,136,197,$24.81,$15.53,$25.37,$29.70,"$51,607",73,$18.73,$13.34,$17.70,$23.00,"$38,946"
43-5061,3,,"Production, Planning, and Expediting Clerks",477,124,273,$19.15,$15.76,$18.39,$22.91,"$39,819",74,$24.51,$20.28,$23.88,$28.66,"$50,973"
33-3051,3,,Police and Sheriff's Patrol Officers,743,122,90,$17.46,$13.54,$15.60,$19.21,"$36,323",469,$31.47,$26.21,$32.76,$36.62,"$65,457"
43-6013,3,,Medical Secretaries,396,119,328,$20.46,$16.58,$19.98,$24.34,"$42,551",127,$20.08,$16.30,$18.96,$24.02,"$41,753"
29-2021,3,STEM,Dental Hygienists,325,115,230,$44.38,$41.57,$44.82,$48.12,"$92,329",,$47.74,$43.29,$48.08,$53.58,"$99,299"
49-3042,3,,"Mobile Heavy Equipment Mechanics, Except Engines",367,106,79,$26.82,$21.27,$27.35,$33.70,"$55,786",261,$25.37,$19.52,$24.44,$31.45,"$52,792"
37-1012,3,,"First-Line Supervisors of Landscaping, Lawn Service, and Groundskeeping Workers",240,105,54,$20.91,$17.40,$19.36,$23.72,"$43,492",31,$25.30,$14.72,$24.24,$34.22,"$52,629"
39-5094,3,,Skincare Specialists,243,105,32,$12.78,$10.27,$11.50,$13.58,"$26,585",,,,,,
13-2072,3,STEM-literate,Loan Officers,316,99,184,$27.94,$14.39,$22.83,$37.87,"$58,116",118,$34.11,$20.45,$25.43,$45.25,"$70,949"
43-6012,3,,Legal Secretaries,395,99,296,$19.58,$16.70,$20.22,$21.74,"$40,709",,$24.40,$20.42,$25.17,$28.48,"$50,748"
49-9041,3,STEM-literate,Industrial Machinery Mechanics,374,88,,$26.32,$25.07,$26.95,$28.83,"$54,744",193,$26.75,$23.83,$26.90,$29.51,"$55,644"
31-9096,3,STEM-literate,Veterinary Assistants and Laboratory Animal Caretakers,200,82,118,$12.97,$10.98,$12.60,$14.55,"$26,982",53,$11.95,$10.65,$11.60,$13.15,"$24,851"
49-9044,3,STEM-literate,Millwrights,310,79,,,,,,,237,$28.21,$21.62,$25.71,$34.77,"$58,658"
25-4031,3,,Library Technicians,455,78,,$14.37,$10.95,$12.22,$15.22,"$29,867",,,,,,
43-4131,3,,Loan Interviewers and Clerks,235,74,92,$21.57,$18.79,$21.62,$24.01,"$44,874",62,$17.17,$14.81,$17.25,$19.53,"$35,705"
13-2081,3,STEM-literate,"Tax Examiners and Collectors, and Revenue Agents",441,72,399,$25.87,$22.82,$25.82,$29.21,"$53,797",,,,,,
29-2071,3,STEM,Medical Records and Health Information Technicians,249,72,119,$16.83,$12.98,$15.78,$18.44,"$35,010",115,$19.14,$13.61,$19.68,$23.27,"$39,819"
23-2011,3,,Paralegals and Legal Assistants,276,70,160,$25.72,$22.32,$26.88,$29.65,"$53,494",,$21.63,$17.40,$21.00,$25.52,"$44,993"
49-2022,3,STEM-literate,"Telecommunications Equipment Installers and Repairers, Except Line Installers",218,68,158,$29.77,$24.64,$31.12,$35.50,"$61,935",71,$27.37,$22.94,$28.53,$33.46,"$56,919"
29-2034,3,STEM,Radiologic Technologists,248,65,122,$29.88,$26.17,$28.90,$32.41,"$62,148",83,$33.36,$26.75,$33.29,$39.17,"$69,381"
35-1011,3,,Chefs and Head Cooks,151,63,107,$16.88,$13.17,$15.32,$20.85,"$35,099",11,$17.81,$15.41,$17.61,$19.79,"$37,067"
11-3011,3,,Administrative Services Managers,225,59,134,$45.11,$34.09,$45.59,$55.43,"$93,831",93,$40.18,$28.15,$37.74,$47.04,"$83,567"
51-4041,3,STEM-literate,Machinists,230,53,45,$23.78,$17.90,$23.53,$29.00,"$49,455",88,$22.23,$17.79,$22.98,$27.33,"$46,250"
29-2056,3,STEM,Veterinary Technologists and Technicians,124,52,89,$16.31,$13.20,$15.71,$18.82,"$33,925",42,$20.34,$18.42,$20.80,$22.65,"$42,304"
15-1134,3,STEM,Web Developers,142,51,90,$29.50,$20.63,$28.11,$35.60,"$61,367",,$25.82,$19.81,$23.81,$31.97,"$53,707"
17-3022,3,STEM,Civil Engineering Technicians,251,51,205,$26.62,$24.96,$27.55,$28.93,"$55,381",36,$27.40,$25.02,$28.22,$28.94,"$56,994"
47-4011,3,STEM-literate,Construction and Building Inspectors,208,51,113,$34.70,$31.09,$34.20,$38.45,"$72,184",54,$25.93,$21.89,$26.08,$30.45,"$53,920"
51-8031,3,,Water and Wastewater Treatment Plant and System Operators,273,49,32,$31.70,$27.83,$31.78,$35.97,"$65,950",169,$27.83,$25.30,$28.02,$30.67,"$57,876"
25-1194,3,STEM-literate,"Vocational Education Teachers, Postsecondary",229,48,156,$29.63,$22.00,$30.22,$35.83,"$61,641",78,$23.32,$18.14,$23.37,$28.06,"$48,513"
29-2081,3,STEM,"Opticians, Dispensing",125,45,96,$19.73,$16.69,$19.05,$22.74,"$41,046",28,$18.82,$15.26,$18.37,$23.03,"$39,149"
39-9041,3,,Residential Advisors,119,45,137,$14.51,$12.89,$14.05,$15.44,"$30,174",,,,,,
29-2041,3,STEM,Emergency Medical Technicians and Paramedics,175,44,170,$29.79,$24.32,$29.09,$36.64,"$61,955",72,$25.17,$18.87,$22.14,$32.97,"$52,358"
33-3021,3,,Detectives and Criminal Investigators,257,44,244,$33.56,$26.69,$35.05,$40.82,"$69,791",35,$33.60,$30.55,$34.05,$37.86,"$69,883"
29-2012,3,STEM,Medical and Clinical Laboratory Technicians,149,43,52,$21.61,$18.32,$21.61,$24.47,"$44,942",38,$25.67,$20.13,$24.40,$30.04,"$53,383"
43-4061,3,,"Eligibility Interviewers, Government Programs",248,43,158,$23.17,$20.21,$22.87,$24.63,"$48,200",92,$22.54,$19.20,$23.46,$25.24,"$46,880"
43-4161,3,,"Human Resources Assistants, Except Payroll and Timekeeping",137,38,103,$18.60,$16.31,$18.47,$21.24,"$38,693",52,$19.71,$17.06,$20.18,$22.73,"$40,985"
33-1012,3,,First-Line Supervisors of Police and Detectives,203,34,105,$43.19,$38.41,$41.97,$48.21,"$89,818",92,$38.79,$33.53,$38.59,$44.74,"$80,671"
31-9097,3,,Phlebotomists,124,33,,,,,,,59,$18.76,$16.80,$18.38,$20.73,"$39,025"
13-1022,3,STEM-literate,"Wholesale and Retail Buyers, Except Farm Products",96,32,55,$23.24,$15.29,$21.20,$28.80,"$48,333",,,,,,
29-2055,3,STEM,Surgical Technologists,123,30,40,$26.15,$22.60,$26.10,$29.45,"$54,397",56,$21.81,$18.76,$21.72,$24.36,"$45,368"
17-3031,3,STEM,Surveying and Mapping Technicians,115,29,25,$22.94,$17.34,$21.42,$28.20,"$47,712",77,$20.71,$16.46,$19.94,$23.93,"$43,065"
29-1126,3,STEM,Respiratory Therapists,119,29,,,,,,,40,$31.84,$27.76,$31.98,$35.99,"$66,236"
49-2011,3,,"Computer, Automated Teller, and Office Machine Repairers",74,29,32,$20.18,$13.50,$20.70,$27.05,"$41,971",,,,,,
49-3051,3,,Motorboat Mechanics and Service Technicians,87,29,,,,,,,,,,,,
51-5112,3,,Printing Press Operators,116,29,44,$21.26,$18.86,$21.69,$23.75,"$44,229",40,$15.20,$11.22,$12.95,$15.35,"$31,602"
27-1026,3,,Merchandise Displayers and Window Trimmers,93,28,66,$15.16,$13.11,$15.32,$17.48,"$31,530",20,$16.08,$11.21,$14.22,$21.06,"$33,448"
43-3061,3,STEM-literate,Procurement Clerks,116,28,608,$17.22,$13.04,$17.30,$21.79,"$35,817",18,$20.11,$17.93,$18.59,$22.72,"$41,824"
13-2082,3,STEM-literate,Tax Preparers,87,27,,,,,,,,,,,,
19-4093,3,STEM,Forest and Conservation Technicians,89,27,47,$21.15,$16.82,$19.76,$23.33,"$43,999",49,$19.78,$13.93,$16.79,$25.08,"$41,148"
51-6052,3,,"Tailors, Dressmakers, and Custom Sewers",74,26,,,,,,,,,,,,
33-1011,3,,First-Line Supervisors of Correctional Officers,151,24,24,$28.41,$25.29,$25.30,$27.58,"$59,084",115,$26.62,$24.70,$25.29,$25.30,"$55,362"
49-9031,3,,Home Appliance Repairers,58,22,,$16.05,$13.56,$14.82,$17.21,"$33,395",,,,,,
33-1021,3,STEM-literate,First-Line Supervisors of Fire Fighting and Prevention Workers,125,21,44,$39.89,$33.52,$36.71,$45.48,"$82,976",71,,,,,
39-4031,3,,"Morticians, Undertakers, and Funeral Directors",68,21,16,$23.54,$20.17,$23.08,$27.14,"$48,958",,$24.61,$21.59,$25.59,$28.29,"$51,170"
29-2032,3,STEM,Diagnostic Medical Sonographers,71,19,40,$40.03,$34.66,$40.50,$46.35,"$83,270",24,$39.76,$34.95,$40.38,$45.40,"$82,691"
41-3011,3,,Advertising Sales Agents,72,19,28,$15.95,$12.20,$14.79,$18.39,"$33,166",47,$15.23,$12.40,$14.08,$16.78,"$31,690"
49-2098,3,,Security and Fire Alarm Systems Installers,39,18,,,,,,,,,,,,
49-9051,3,STEM-literate,Electrical Power-Line Installers and Repairers,84,18,,,,,,,62,$41.50,$39.69,$43.11,$46.43,"$86,318"
27-4021,3,,Photographers,48,17,,,,,,,,,,,,
29-2057,3,STEM,Ophthalmic Medical Technicians,52,17,,,,,,,,,,,,
31-2021,3,STEM-literate,Physical Therapist Assistants,45,17,51,$28.30,$26.13,$28.55,$31.00,"$58,859",22,$27.82,$26.05,$27.94,$29.83,"$57,860"
31-9094,3,,Medical Transcriptionists,62,17,45,$18.92,$15.81,$18.24,$22.26,"$39,352",34,$19.32,$14.41,$19.44,$22.51,"$40,208"
43-9011,3,STEM-literate,Computer Operators,45,16,30,,,,,,,,,,,
49-3041,3,,Farm Equipment Mechanics and Service Technicians,53,16,,,,,,,,,,,,
27-1013,3,,"Fine Artists, Including Painters, Sculptors, and Illustrators",41,15,,,,,,,,,,,,
11-9071,3,,Gaming Managers,56,14,,,,,,,,,,,,
29-2031,3,STEM,Cardiovascular Technologists and Technicians,56,14,24,,,,,,,,,,,
53-2012,3,STEM-literate,Commercial Pilots,45,14,,,,,,,,,,,,
19-4011,3,STEM,Agricultural and Food Science Technicians,39,13,,$18.99,$14.37,$16.52,$22.98,"$39,504",,,,,,
19-4031,3,STEM,Chemical Technicians,58,13,,,,,,,,,,,,
49-2021,3,STEM-literate,"Radio, Cellular, and Tower Equipment Installers and Repairs",63,13,24,$26.58,$22.04,$24.34,$31.44,"$55,280",,$33.72,$31.72,$34.75,$37.03,"$70,137"
29-2035,3,STEM,Magnetic Resonance Imaging Technologists,48,12,,,,,,,,,,,,
39-7011,3,,Tour Guides and Escorts,28,12,,,,,,,,,,,,
17-3023,3,STEM,Electrical and Electronics Engineering Technicians,44,11,,,,,,,23,$34.53,$30.43,$33.93,$37.15,"$71,826"
49-2094,3,,"Electrical and Electronics Repairers, Commercial and Industrial Equipment",55,11,43,$33.15,$31.16,$32.76,$33.55,"$68,954",31,$27.94,$24.98,$27.15,$29.67,"$58,112"
49-9062,3,STEM-literate,Medical Equipment Repairers,34,11,12,$18.22,$13.86,$16.24,$20.78,"$37,905",,,,,,
17-3013,3,STEM,Mechanical Drafters,51,9,,,,,,,17,$23.13,$19.12,$22.55,$27.15,"$48,117"
35-2013,3,,"Cooks, Private Household",20,9,,,,,,,,,,,,
49-2092,3,STEM-literate,"Electric Motor, Power Tool, and Related Repairers",37,9,,,,,,,,,,,,
49-9043,3,STEM-literate,"Maintenance Workers, Machinery",35,9,,,,,,,36,$18.93,$16.57,$18.76,$21.60,"$39,382"
49-9092,3,,Commercial Divers,22,9,,,,,,,,,,,,
27-4011,3,STEM-literate,Audio and Video Equipment Technicians,19,8,,,,,,,,,,,,
33-9021,3,,Private Detectives and Investigators,27,8,,,,,,,,,,,,
51-9071,3,,Jewelers and Precious Stone and Metal Workers,29,8,,,,,,,,,,,,
27-1012,3,,Craft Artists,21,7,,,,,,,,,,,,
49-3011,3,STEM-literate,Aircraft Mechanics and Service Technicians,42,7,24,$25.33,$24.34,$26.21,$28.05,"$52,691",,,,,,
51-8012,3,,Power Distributors and Dispatchers,41,7,,,,,,,,$44.43,$42.97,$44.37,$47.53,"$92,418"
29-2054,3,STEM,Respiratory Therapy Technicians,28,6,,,,,,,,,,,,
31-2011,3,STEM-literate,Occupational Therapy Assistants,15,6,,$23.46,$15.22,$25.44,$28.86,"$48,805",13,$28.88,$26.65,$29.03,$31.22,"$60,062"
33-2021,3,STEM-literate,Fire Inspectors and Investigators,39,6,17,$31.45,$32.80,$32.82,$32.82,"$65,416",,,,,,
47-4041,3,,Hazardous Materials Removal Workers,26,6,,,,,,,,,,,,
49-9012,3,,"Control and Valve Installers and Repairers, Except Mechanical Door",30,6,,,,,,,35,$26.73,$19.22,$26.73,$31.37,"$55,604"
51-2041,3,STEM-literate,Structural Metal Fabricators and Fitters,22,6,,,,,,,,,,,,
49-2095,3,STEM-literate,"Electrical and Electronics Repairers, Powerhouse, Substation, and Relay",33,5,,,,,,,12,$44.26,$39.86,$44.36,$49.00,"$92,063"
51-8021,3,STEM-literate,Stationary Engineers and Boiler Operators,27,5,,,,,,,24,$21.53,$20.00,$21.91,$23.50,"$44,780"
11-9061,3,,Funeral Service Managers,14,4,,,,,,,,,,,,
17-3027,3,STEM,Mechanical Engineering Technicians,18,4,,,,,,,,,,,,
29-2033,3,STEM,Nuclear Medicine Technologists,17,4,,,,,,,,,,,,
27-4012,3,STEM-literate,Broadcast Technicians,11,2,,,,,,,,,,,,
51-4011,3,STEM-literate,"Computer-Controlled Machine Tool Operators, Metal and Plastic",11,2,,,,,,,,,,,,
17-3012,3,STEM,Electrical and Electronics Drafters, * ,*,,,,,,,,,,,,
17-3026,3,,Industrial Engineering Technicians, * ,*,,,,,,,,,,,,
23-2091,3,,Court Reporters, * ,*,,,,,,,,,,,,
27-1022,3,,Fashion Designers, * ,*,,,,,,,,,,,,
27-2023,3,,"Umpires, Referees, and Other Sports Officials", * ,*,,,,,,,,,,,,
27-4014,3,STEM-literate,Sound Engineering Technicians, * ,*,,,,,,,,,,,,
27-4031,3,,"Camera Operators, Television, Video, and Motion Picture", * ,*,,,,,,,,,,,,
29-1124,3,STEM,Radiation Therapists, * ,*,,,,,,,,,,,,
29-2092,3,STEM,Hearing Aid Specialists, * ,*,,,,,,,,,,,,
29-9012,3,STEM,Occupational Health and Safety Technicians, * ,*,,,,,,,,,,,,
31-2012,3,,Occupational Therapy Aides, * ,*,,,,,,,,,,,,
33-3052,3,,Transit and Railroad Police, * ,*,,,,,,,,,,,,
39-4011,3,,Embalmers, * ,*,,,,,,,,,,,,
41-3041,3,,Travel Agents, * ,*,15,$14.16,$12.26,$14.14,$16.25,"$29,467",,,,,,
49-2091,3,,Avionics Technicians, * ,*,,,,,,,,,,,,
49-2093,3,,"Electrical and Electronics Installers and Repairers, Transportation Equipment", * ,*,,,,,,,,,,,,
49-2096,3,,"Electronic Equipment Installers and Repairers, Motor Vehicles", * ,*,,,,,,,,,,,,
49-2097,3,,Electronic Home Entertainment Equipment Installers and Repairers, * ,*,,,,,,,,,,,,
49-3052,3,STEM-literate,Motorcycle Mechanics, * ,*,,,,,,,,,,,,
49-9097,3,,Signal and Track Switch Repairers, * ,*,,,,,,,,,,,,
51-4012,3,STEM-literate,"Computer Numerically Controlled Machine Tool Programmers, Metal and Plastic", * ,*,,,,,,,,,,,,
51-4111,3,STEM-literate,Tool and Die Makers, * ,*,,,,,,,,,,,,
51-5111,3,,Prepress Technicians and Workers, * ,*,,,,,,,,,,,,
51-6092,3,,Fabric and Apparel Patternmakers, * ,*,,,,,,,,,,,,
51-8092,3,STEM-literate,Gas Plant Operators, * ,*,,,,,,,,,,,,
53-2022,3,STEM-literate,Airfield Operations Specialists, * ,*,,,,,,,,,,,,
53-5031,3,STEM-literate,Ship Engineers, * ,*,,,,,,,,,,,,
53-6041,3,,Traffic Technicians, * ,*,,,,,,,,,,,,
53-7021,3,STEM-literate,Crane and Tower Operators, * ,*,,,,,,,,,,,,
11-1021,4,,General and Operations Managers,4590,1412,,$45.41,$36.96,$42.76,$49.67,"$94,445",732,$51.22,$32.03,$41.30,$56.29,"$106,541"
15-1121,4,STEM,Computer Systems Analysts,1670,509,1442,$35.22,$31.94,$35.26,$36.14,"$73,257",42,$38.23,$32.18,$37.74,$44.56,"$79,506"
15-1143,4,STEM,Computer Network Architects,1744,433,1483,$40.22,$38.92,$39.90,$42.96,"$83,665",,,,,,
13-2011,4,STEM-literate,Accountants and Auditors,1397,423,721,$33.69,$25.19,$31.03,$37.59,"$70,069",356,$28.55,$22.03,$27.45,$33.34,"$59,385"
25-2021,4,STEM-literate,"Elementary School Teachers, Except Special Education",1787,362,1087,,,,,"$61,235",806,,,,,"$59,388"
41-4012,4,,"Sales Representatives, Wholesale and Manufacturing, Except Technical and Scientific Products",1189,361,679,$35.41,$18.08,$27.19,$48.35,"$73,651",458,$29.15,$18.66,$26.86,$36.30,"$60,642"
25-2031,4,STEM-literate,"Secondary School Teachers, Except Special and Career/Technical Education",1414,287,573,,,,,"$60,626",447,,,,,"$62,614"
13-1071,4,,Human Resources Specialists,856,270,598,$28.43,$23.98,$28.52,$32.24,"$59,139",149,$25.96,$21.50,$25.56,$29.27,"$53,992"
13-2051,4,STEM-literate,Financial Analysts,1019,242,814,$26.37,$21.70,$24.58,$28.51,"$54,862",36,$28.68,$20.93,$25.51,$33.73,"$59,661"
17-2051,4,STEM,Civil Engineers,929,238,56,$40.19,$38.86,$42.83,$46.82,"$83,594",135,$40.61,$31.94,$36.01,$47.11,"$84,467"
41-3099,4,,"Sales Representatives, Services, All Other",569,224,523,$25.90,$15.62,$23.71,$31.36,"$53,869",113,$23.88,$16.32,$19.58,$28.64,"$49,674"
25-2012,4,STEM-literate,"Kindergarten Teachers, Except Special Education",1029,218,152,,,,,"$54,123",123,,,,,"$55,888"
27-3031,4,,Public Relations Specialists,706,193,568,,,,,,,,,,,
27-2022,4,,Coaches and Scouts,580,166,672,,,,,"$34,300",463,,,,,"$44,141"
41-3021,4,,Insurance Sales Agents,544,163,339,$23.42,$14.28,$17.23,$26.06,"$48,703",138,$19.20,$14.40,$18.39,$23.56,"$39,929"
11-9021,4,STEM-literate,Construction Managers,372,154,66,$46.98,$33.06,$49.99,$58.63,"$97,720",67,$46.63,$40.11,$47.16,$53.99,"$97,003"
25-2022,4,STEM-literate,"Middle School Teachers, Except Special and Career/Technical Education",763,153,371,,,,,"$62,097",277,,,,,"$59,977"
21-1021,4,,"Child, Family, and School Social Workers",548,146,273,$22.61,$18.10,$23.20,$26.89,"$47,042",226,$23.16,$20.33,$25.02,$27.54,"$48,168"
21-1093,4,,Social and Human Service Assistants,408,136,167,$15.66,$13.48,$15.28,$17.83,"$32,575",130,$15.35,$11.83,$15.54,$19.01,"$31,926"
15-1132,4,STEM,"Software Developers, Applications",440,133,417,$48.18,$39.92,$49.02,$58.34,"$100,212",,$60.13,$43.78,$66.81,$74.80,"$125,067"
21-1091,4,STEM-literate,Health Educators,601,130,517,$26.98,$21.49,$26.89,$31.19,"$56,112",24,$34.80,$25.34,$32.76,$44.62,"$72,384"
39-9032,4,,Recreation Workers,400,127,145,$14.32,$10.40,$11.86,$15.62,"$29,787",173,$13.86,$10.78,$11.88,$15.01,"$28,828"
11-9151,4,,Social and Community Service Managers,368,123,154,$32.17,$22.85,$30.69,$40.93,"$66,927",84,$29.61,$24.41,$29.69,$35.41,"$61,575"
19-2041,4,STEM,"Environmental Scientists and Specialists, Including Health",446,123,372,$29.08,$25.58,$29.65,$32.76,"$60,464",46,$27.86,$24.03,$27.08,$30.35,"$57,948"
15-1142,4,STEM,Network and Computer Systems Administrators,366,112,199,$37.01,$31.43,$35.88,$42.96,"$76,970",53,$33.80,$25.68,$33.92,$41.90,"$70,314"
27-1024,4,STEM-literate,Graphic Designers,320,103,145,$23.00,$19.42,$23.20,$26.81,"$47,833",43,$18.31,$15.24,$17.68,$20.97,"$38,084"
13-1161,4,STEM-literate,Market Research Analysts and Marketing Specialists,310,102,206,$28.74,$21.95,$27.11,$32.47,"$59,764",74,$27.73,$20.61,$27.36,$30.91,"$57,686"
41-1012,4,,First-Line Supervisors of Non-Retail Sales Workers,326,101,149,$24.47,$14.01,$19.21,$29.71,"$50,897",55,$27.73,$22.83,$27.29,$31.90,"$57,659"
27-3091,4,,Interpreters and Translators,256,94,30,$27.58,$11.32,$27.12,$35.94,"$57,380",,,,,,
11-9141,4,,"Property, Real Estate, and Community Association Managers",233,88,93,$34.01,$22.16,$28.42,$44.44,"$70,734",31,$24.84,$20.27,$22.76,$27.79,"$51,669"
13-1023,4,STEM-literate,"Purchasing Agents, Except Wholesale, Retail, and Farm Products",396,84,216,$28.90,$23.42,$27.81,$32.25,"$60,112",102,$27.46,$18.95,$25.80,$34.75,"$57,113"
11-3021,4,STEM,Computer and Information Systems Managers,264,83,184,$56.39,$47.16,$52.71,$58.72,"$117,286",44,$49.57,$43.25,$48.82,$57.08,"$103,102"
13-1051,4,STEM-literate,Cost Estimators,177,74,92,$26.31,$18.03,$26.36,$32.53,"$54,729",111,$30.72,$21.85,$28.10,$36.72,"$63,908"
15-1131,4,STEM,Computer Programmers,272,74,160,$37.15,$24.82,$35.32,$50.74,"$77,284",,$45.09,$29.66,$42.73,$55.19,"$93,790"
21-1092,4,,Probation Officers and Correctional Treatment Specialists,422,70,,,,,,,220,$24.87,$24.66,$24.96,$26.22,"$51,719"
13-1151,4,,Training and Development Specialists,247,69,122,$26.91,$19.82,$27.89,$34.38,"$55,967",30,$37.72,$24.67,$34.96,$47.03,"$78,450"
11-2022,4,,Sales Managers,197,65,116,$63.90,$33.43,$47.89,$77.81,"$132,913",48,$50.99,$29.87,$48.62,$67.62,"$106,060"
19-1032,4,STEM,Foresters,250,64,63,$26.92,$24.59,$27.55,$28.23,"$55,990",,$36.61,$28.81,$38.45,$44.73,"$76,158"
25-2032,4,STEM-literate,"Career/Technical Education Teachers, Secondary School",296,60,102,,,,,"$64,532",121,,,,,"$62,087"
19-1031,4,STEM,Conservation Scientists,326,59,239,$29.96,$24.75,$30.41,$33.56,"$62,310",70,$25.70,$21.49,$24.36,$26.92,"$53,454"
25-2052,4,,"Special Education Teachers, Kindergarten and Elementary School",279,56,131,,,,,"$57,654",78,,,,,"$56,781"
13-1121,4,,"Meeting, Convention, and Event Planners",153,53,74,$20.34,$17.52,$20.24,$22.73,"$42,305",,,,,,
11-3121,4,,Human Resources Managers,182,52,105,$53.39,$46.71,$53.66,$62.32,"$111,054",40,$46.22,$38.05,$46.19,$53.48,"$96,154"
13-2052,4,STEM-literate,Personal Financial Advisors,189,52,78,$53.18,$27.60,$34.42,$67.60,"$110,624",,,,,,
27-1014,4,STEM-literate,Multimedia Artists and Animators,146,49,,,,,,,,,,,,
25-3099,4,,"Teachers and Instructors, All Other",199,48,,,,,,,,,,,,
15-1133,4,STEM,"Software Developers, Systems Software",164,47,118,$48.70,$32.32,$47.33,$62.82,"$101,277",,,,,,
19-4021,4,,Biological Technicians,194,46,84,$18.45,$15.76,$17.73,$21.50,"$38,378",107,$17.66,$15.06,$17.02,$19.31,"$36,735"
15-1152,4,STEM,Computer Network Support Specialists,139,42,63,$29.13,$23.62,$29.70,$34.44,"$60,586",36,$26.24,$20.23,$23.78,$32.42,"$54,600"
13-2031,4,STEM-literate,Budget Analysts,181,41,144,$32.28,$29.17,$32.24,$34.85,"$67,121",,,,,,
11-9081,4,,Lodging Managers,102,40,,,,,,,,$23.24,$20.48,$22.66,$25.84,"$48,343"
17-1011,4,STEM,"Architects, Except Landscape and Naval",138,40,37,$38.95,$37.98,$40.88,$40.89,"$81,017",,,,,,
11-1031,4,,Legislators,240,39,109,,,,,"$73,190",64,,,,,"$115,884"
13-1075,4,,Labor Relations Specialists,144,38,92,$44.73,$33.10,$47.47,$55.77,"$93,043",,,,,,
41-4011,4,STEM,"Sales Representatives, Wholesale and Manufacturing, Technical and Scientific Products",127,37,82,$47.41,$27.05,$46.39,$63.60,"$98,599",12,$25.15,$15.44,$21.65,$35.06,"$52,302"
41-9021,4,,Real Estate Brokers,94,37,,$20.35,$17.12,$19.09,$23.31,"$42,335",,,,,,
25-2054,4,,"Special Education Teachers, Secondary School",179,36,83,,,,,"$63,436",52,,,,,"$59,875"
25-3011,4,,Adult Basic and Secondary Education and Literacy Teachers and Instructors,173,35,221,$27.46,$22.58,$28.88,$33.89,"$57,116",190,$27.94,$22.53,$29.64,$34.12,"$58,110"
29-9011,4,STEM,Occupational Health and Safety Specialists,152,35,132,$31.64,$28.22,$31.18,$35.40,"$65,820",27,$29.36,$24.54,$28.88,$33.20,"$61,072"
11-2021,4,,Marketing Managers,101,33,54,$51.27,$39.95,$48.06,$64.55,"$106,633",18,$37.56,$32.40,$35.85,$40.56,"$78,122"
21-2021,4,,"Directors, Religious Activities and Education",109,33,,,,,,,,,,,,
11-2031,4,,Public Relations and Fundraising Managers,114,31,84,$54.34,$40.80,$48.79,$62.19,"$113,039",19,$44.20,$31.35,$44.46,$50.77,"$91,927"
17-2141,4,STEM,Mechanical Engineers,137,30,56,$40.19,$38.86,$42.83,$46.82,"$83,594",36,$47.66,$41.22,$46.00,$50.57,"$99,136"
13-1141,4,STEM-literate,"Compensation, Benefits, and Job Analysis Specialists",121,29,76,$24.78,$22.27,$25.18,$25.83,"$51,526",13,$30.60,$25.89,$28.47,$31.06,"$63,642"
11-9031,4,STEM-literate,"Education Administrators, Preschool and Childcare Center/Program",62,26,,$20.02,$17.38,$20.61,$22.88,"$41,640",18,$20.16,$17.05,$18.66,$21.91,"$41,927"
13-2053,4,STEM-literate,Insurance Underwriters,96,23,,,,,,,,,,,,
13-2061,4,STEM-literate,Financial Examiners,98,23,,,,,,,,,,,,
27-3043,4,,Writers and Authors,70,23,18,$29.40,$12.84,$30.06,$43.39,"$61,164",,,,,,
17-1022,4,STEM,Surveyors,68,22,742,$37.34,$31.94,$37.67,$41.92,"$77,670",18,$37.16,$31.18,$36.29,$42.51,"$77,304"
13-2041,4,STEM-literate,Credit Analysts,66,21,41,$30.23,$18.24,$26.41,$41.36,"$62,864",12,$36.44,$18.98,$38.18,$48.05,"$75,799"
13-1131,4,,Fundraisers,68,20,39,$27.51,$21.92,$25.84,$32.70,"$57,215",,,,,,
27-2012,4,,Producers and Directors,56,20,23,$20.04,$14.07,$17.70,$25.87,"$41,665",,,,,,
25-2053,4,,"Special Education Teachers, Middle School",93,19,49,,,,,"$58,323",36,,,,,"$59,074"
11-3071,4,,"Transportation, Storage, and Distribution Managers",72,18,39,$34.70,$27.52,$34.73,$41.73,"$72,187",40,$44.26,$38.02,$43.46,$47.97,"$92,050"
19-2043,4,STEM,Hydrologists,66,18,54,$37.10,$32.77,$37.03,$39.90,"$77,162",,,,,,
27-3041,4,,Editors,61,18,29,$24.92,$19.35,$23.10,$30.58,"$51,830",22,$24.08,$17.92,$23.42,$28.53,"$50,096"
15-1141,4,STEM,Database Administrators,56,17,51,$33.37,$25.57,$32.91,$42.17,"$69,401",,,,,,
27-1025,4,,Interior Designers,45,17,,$24.56,$18.78,$22.77,$32.64,"$51,100",,,,,,
19-4091,4,STEM,"Environmental Science and Protection Technicians, Including Health",56,16,,,,,,,,,,,,
27-2041,4,,Music Directors and Composers,64,16,,,,,,,,,,,,
17-2199,4,STEM,"Engineers, All Other",58,15,,,,,,,,,,,,
27-3042,4,,Technical Writers,37,15,15,$33.60,$24.16,$32.27,$38.89,"$69,899",,,,,,
29-9099,4,STEM,"Healthcare Practitioners and Technical Workers, All Other",60,15,16,$24.75,$20.78,$23.76,$28.60,"$51,486",28,$23.21,$18.05,$21.79,$27.11,"$48,270"
41-9031,4,STEM,Sales Engineers,54,15,36,$64.50,$36.32,$62.91,,"$134,172",,,,,,
19-2031,4,STEM,Chemists,54,14,59,$30.86,$22.04,$29.43,$38.35,"$64,197",,,,,,
15-1122,4,STEM,Information Security Analysts,46,13,31,$43.99,$41.95,$44.04,$47.27,"$91,487",,,,,,
27-1011,4,,Art Directors,36,12,,,,,,,,,,,,
27-3022,4,,Reporters and Correspondents,65,12,,,,,,,34,$13.90,$12.77,$13.79,$14.81,"$28,913"
17-2071,4,STEM,Electrical Engineers,54,11,,$23.89,$20.41,$25.66,$28.60,"$49,700",52,$45.08,$33.54,$45.71,$58.24,"$93,770"
17-2072,4,STEM,"Electronics Engineers, Except Computer",49,11,73,$28.10,$18.30,$25.77,$39.42,"$58,445",,,,,,
27-3011,4,,Radio and Television Announcers,55,11,14,$15.50,$12.26,$14.77,$18.93,"$32,241",22,$15.15,$10.65,$12.99,$17.91,"$31,500"
43-9111,4,,Statistical Assistants,50,11,45,$17.55,$15.94,$17.92,$18.69,"$36,493",,,,,,
25-4013,4,STEM-literate,Museum Technicians and Conservators,27,9,,,,,,,,,,,,
29-1125,4,STEM,Recreational Therapists,36,9,,,,,,,,,,,,
13-1081,4,STEM-literate,Logisticians,45,8,43,$30.20,$23.76,$30.36,$36.26,"$62,823",,,,,,
25-2023,4,STEM-literate,"Career/Technical Education Teachers, Middle School",40,8,,,,,,,13,,,,,"$64,999"
27-1021,4,STEM-literate,Commercial and Industrial Designers,23,8,,,,,,,,,,,,
11-3061,4,,Purchasing Managers,31,7,11,$58.33,$45.58,$53.97,$58.02,"$121,328",17,$56.57,$37.17,$48.83,$57.64,"$117,665"
11-3131,4,,Training and Development Managers,24,7,,,,,,,,,,,,
17-1021,4,STEM,Cartographers and Photogrammetrists,34,7,41,$35.13,$30.40,$34.41,$38.19,"$73,084",15,$34.59,$27.64,$34.86,$39.22,"$71,958"
17-1012,4,,Landscape Architects,21,6,24,$30.35,$26.89,$29.65,$34.00,"$63,142",,,,,,
19-2042,4,STEM,"Geoscientists, Except Hydrologists and Geographers",17,6,,$52.72,$46.57,$56.00,$61.31,"$109,667",,,,,,
19-3099,4,STEM,"Social Scientists and Related Workers, All Other",19,6,,$31.80,$26.88,$29.98,$35.27,"$66,145",,,,,,
21-1094,4,STEM-literate,Community Health Workers,19,6,,,,,,,16,$17.09,$10.96,$13.22,$18.28,"$35,548"
27-2032,4,,Choreographers,28,6,,,,,,,,,,,,
15-2011,4,STEM,Actuaries,24,5,,,,,,,,,,,,
19-4092,4,STEM,Forensic Science Technicians,30,5,,,,,,,,,,,,
43-9081,4,,Proofreaders and Copy Markers,17,5,,,,,,,,,,,,
17-3025,4,STEM,Environmental Engineering Technicians,17,4,,,,,,,,,,,,
19-1012,4,STEM,Food Scientists and Technologists,13,4,,,,,,,,,,,,
33-3031,4,STEM-literate,Fish and Game Wardens,26,4,306,$14.79,$11.68,$13.71,$17.00,"$30,755",17,$31.11,$27.58,$32.82,$33.61,"$64,712"
13-2071,4,STEM-literate,Credit Counselors,10,3,,,,,,,,,,,,
17-2111,4,STEM,"Health and Safety Engineers, Except Mining Safety Engineers and Inspectors",12,3,205,$26.62,$24.96,$27.55,$28.93,"$55,381",10,$29.64,$22.42,$28.13,$36.66,"$61,661"
17-2131,4,STEM,Materials Engineers,11,1,25,$22.94,$17.34,$21.42,$28.20,"$47,712",,,,,,
11-2011,4,,Advertising and Promotions Managers, * ,*,,,,,,,,,,,,
11-3111,4,,Compensation and Benefits Managers, * ,*,,,,,,,,,,,,
11-9161,4,STEM-literate,Emergency Management Directors, * ,*,,,,,,,,,,,,
17-2031,4,STEM,Biomedical Engineers, * ,*,53,$38.99,$32.38,$41.10,$44.46,"$81,088",,,,,,
17-2041,4,STEM,Chemical Engineers, * ,*,128,$39.79,$35.92,$40.88,$45.14,"$82,752",,,,,,
17-2151,4,STEM,"Mining and Geological Engineers, Including Mining Safety Engineers", * ,*,,,,,,,,,,,,
17-2161,4,STEM,Nuclear Engineers, * ,*,,,,,,,,,,,,
17-2171,4,STEM,Petroleum Engineers, * ,*,,,,,,,,,,,,
19-2021,4,STEM,Atmospheric and Space Scientists, * ,*,,,,,,,,,,,,
19-4061,4,STEM,Social Science Research Assistants, * ,*,,,,,,,,,,,,
53-2011,4,STEM-literate,"Airline Pilots, Copilots, and Flight Engineers", * ,*,,,,,,,,,,,,
13-1111,5,,Management Analysts,1405,418,823,$31.37,$22.27,$27.15,$32.25,"$65,239",42,$35.14,$25.88,$31.90,$45.21,"$73,098"
23-1011,5,,Lawyers,943,236,492,$46.50,$34.67,$44.93,$54.30,"$96,732",74,$40.24,$31.77,$36.90,$50.06,"$83,706"
11-1011,5,,Chief Executives,493,150,135,$72.05,$44.82,$67.07,$91.10,"$149,870",130,$74.87,$48.49,$59.31,,"$155,723"
29-1021,5,STEM,"Dentists, General",332,114,,,,,,,21,$61.08,$54.99,$57.35,$69.25,"$127,055"
29-1051,5,STEM,Pharmacists,362,105,201,$56.86,$51.37,$57.29,$63.90,"$118,270",,$58.69,$52.65,$61.04,$69.66,"$122,084"
19-1023,5,STEM,Zoologists and Wildlife Biologists,455,101,261,$30.63,$24.96,$28.94,$34.41,"$63,710",93,$28.23,$25.37,$28.93,$30.48,"$58,719"
11-9032,5,STEM-literate,"Education Administrators, Elementary and Secondary School",488,98,192,,,,,"$105,129",153,,,,,"$95,356"
29-1011,5,STEM,Chiropractors,217,97,52,$30.56,$17.18,$25.16,$49.79,"$63,558",,,,,,
29-1123,5,STEM,Physical Therapists,259,93,168,$40.43,$35.82,$42.92,$47.47,"$84,091",53,$41.33,$32.64,$41.55,$49.15,"$85,958"
19-3051,5,STEM,Urban and Regional Planners,443,79,367,$33.54,$29.66,$33.56,$37.97,"$69,767",31,$33.18,$27.73,$33.70,$37.92,"$69,026"
11-9111,5,STEM,Medical and Health Services Managers,278,76,184,$54.82,$35.71,$51.40,$68.80,"$114,032",90,$36.79,$28.33,$33.65,$41.73,"$76,536"
21-1012,5,,"Educational, Guidance, School, and Vocational Counselors",355,76,261,$28.57,$23.33,$28.77,$34.34,"$59,419",95,$28.99,$23.68,$30.40,$34.77,"$60,301"
21-1015,5,,Rehabilitation Counselors,283,74,121,$21.62,$15.97,$19.08,$26.89,"$44,972",110,$27.26,$24.35,$26.42,$30.85,"$56,690"
19-3031,5,STEM,"Clinical, Counseling, and School Psychologists",293,73,89,$31.99,$26.09,$30.36,$35.96,"$66,541",56,$30.93,$27.31,$30.03,$34.57,"$64,339"
29-1131,5,STEM,Veterinarians,177,73,75,$39.93,$32.47,$37.44,$48.13,"$83,057",31,$42.86,$37.72,$41.58,$45.58,"$89,164"
21-1014,5,,Mental Health Counselors,244,71,108,$23.76,$19.08,$22.26,$26.08,"$49,416",91,$22.64,$16.71,$22.10,$28.66,"$47,103"
25-4021,5,,Librarians,347,67,,$28.75,$25.14,$29.53,$34.02,"$59,804",15,$28.97,$25.58,$31.14,$35.11,"$60,271"
29-1127,5,STEM,Speech-Language Pathologists,225,64,116,$34.37,$30.15,$34.27,$38.30,"$71,481",35,$36.14,$32.40,$35.45,$38.75,"$75,164"
21-2011,5,,Clergy,217,60,24,$29.97,$24.75,$29.03,$35.43,"$62,341",,,,,,
29-1171,5,STEM,Nurse Practitioners,150,44,61,$50.51,$44.38,$49.46,$57.80,"$105,061",53,$49.08,$36.70,$43.92,$53.67,"$102,088"
15-2031,5,STEM,Operations Research Analysts,195,40,177,$29.92,$27.54,$31.93,$32.76,"$62,229",,,,,,
21-1011,5,,Substance Abuse and Behavioral Disorder Counselors,123,39,50,$21.69,$19.15,$21.45,$23.74,"$45,114",34,$19.63,$15.40,$20.69,$23.36,"$40,843"
21-1022,5,,Healthcare Social Workers,142,39,92,$29.54,$24.51,$28.94,$34.62,"$61,448",48,$31.33,$25.81,$31.05,$36.76,"$65,151"
17-2081,5,STEM,Environmental Engineers,153,37,11,$24.51,$14.64,$20.89,$29.72,"$50,968",,,,,,
29-1122,5,STEM,Occupational Therapists,108,36,76,$37.81,$32.67,$39.69,$45.62,"$78,654",44,$44.00,$36.49,$42.73,$47.24,"$91,517"
21-1013,5,,Marriage and Family Therapists,88,32,,,,,,,,$23.03,$17.05,$18.84,$24.05,"$47,894"
19-3011,5,STEM,Economists,167,30,,,,,,,,,,,,
15-2041,5,STEM,Statisticians,109,29,,,,,,,,,,,,
25-9031,5,,Instructional Coordinators,119,26,62,$25.95,$19.89,$23.08,$29.61,"$53,981",52,$29.32,$23.36,$30.02,$35.54,"$60,981"
29-1061,5,STEM,Anesthesiologists,84,25,,,,,,,,,,,,
21-1023,5,,Mental Health and Substance Abuse Social Workers,97,24,,$22.41,$17.99,$22.60,$26.89,"$46,616",49,$20.68,$13.92,$17.46,$27.54,"$43,014"
29-1041,5,STEM,Optometrists,61,24,,$61.48,$36.06,$53.08,$90.83,"$127,867",11,$64.74,$54.36,$64.37,$75.07,"$134,664"
19-1029,5,STEM,"Biological Scientists, All Other",97,23,70,$37.60,$31.94,$35.55,$45.06,"$78,207",,$32.36,$28.32,$34.99,$38.09,"$67,312"
11-9033,5,STEM-literate,"Education Administrators, Postsecondary",106,21,67,$45.23,$32.53,$40.71,$50.68,"$94,077",24,$36.09,$30.37,$35.21,$40.01,"$75,063"
23-1021,5,,"Administrative Law Judges, Adjudicators, and Hearing Officers",114,19,,,,,,,,,,,,
29-1062,5,STEM,Family and General Practitioners,70,18,41,$72.08,$50.60,$62.71,$82.53,"$149,922",64,$107.67,$81.51,,,"$223,949"
23-1023,5,,"Judges, Magistrate Judges, and Magistrates",108,17,36,$57.21,$38.57,$50.06,$85.11,"$118,990",61,$63.33,$38.57,$64.27,$85.68,"$131,742"
19-3091,5,STEM,Anthropologists and Archeologists,54,16,34,$31.38,$25.85,$28.72,$33.03,"$65,262",,,,,,
25-4012,5,,Curators,50,15,,,,,,,,,,,,
29-1031,5,STEM,Dietitians and Nutritionists,50,14,25,$31.20,$28.03,$31.29,$35.06,"$64,897",23,$25.95,$18.10,$27.02,$32.27,"$53,971"
25-1121,5,,"Art, Drama, and Music Teachers, Postsecondary",58,12,,,,,,"$41,564",25,,,,,"$43,410"
19-1041,5,STEM,Epidemiologists,59,11,,,,,,,,,,,,
25-1123,5,,"English Language and Literature Teachers, Postsecondary",53,11,79,,,,,"$54,610",16,,,,,"$46,657"
23-1012,5,,Judicial Law Clerks,66,10,,,,,,,,,,,,
23-1022,5,,"Arbitrators, Mediators, and Conciliators",30,9,,,,,,,,,,,,
25-1022,5,STEM,"Mathematical Science Teachers, Postsecondary",33,7,27,,,,,"$48,543",,,,,,
25-1066,5,STEM,"Psychology Teachers, Postsecondary",36,7,55,,,,,"$45,054",20,,,,,"$53,809"
25-1072,5,STEM,"Nursing Instructors and Teachers, Postsecondary",33,7,,,,,,"$60,707",,,,,,
29-1067,5,STEM,Surgeons,24,7,,,,,,,,,,,,
19-1022,5,STEM,Microbiologists,28,6,,,,,,,,,,,,
25-1042,5,,"Biological Science Teachers, Postsecondary",32,6,27,,,,,"$52,267",,,,,,
25-1193,5,STEM-literate,"Recreation and Fitness Studies Teachers, Postsecondary",31,6,,,,,,"$43,867",,,,,,
27-1027,5,,Set and Exhibit Designers,16,6,,,,,,,,,,,,
19-1013,5,STEM,Soil and Plant Scientists,14,5,,,,,,,,,,,,
19-3041,5,STEM,Sociologists,29,5,,,,,,,,,,,,
25-1011,5,STEM-literate,"Business Teachers, Postsecondary",23,5,56,,,,,"$45,186",17,,,,,
25-1052,5,STEM,"Chemistry Teachers, Postsecondary",24,5,23,,,,,"$49,294",,,,,,
25-1124,5,,"Foreign Language and Literature Teachers, Postsecondary",23,5,21,,,,,"$46,525",,,,,,
29-1064,5,STEM,Obstetricians and Gynecologists,17,5,,,,,,,,,,,,
29-1161,5,STEM,Nurse Midwives,16,5,,$43.64,$39.84,$43.82,$47.78,"$90,787",,,,,,
25-1032,5,STEM,"Engineering Teachers, Postsecondary",18,4,,,,,,,,,,,,
19-3094,5,STEM,Political Scientists,12,3,,,,,,,,,,,,
25-1021,5,STEM,"Computer Science Teachers, Postsecondary",16,3,12,,,,,"$50,755",,,,,,"$43,116"
25-1054,5,STEM,"Physics Teachers, Postsecondary",13,3,12,,,,,"$45,439",,,,,,
25-1067,5,STEM,"Sociology Teachers, Postsecondary",13,3,13,,,,,"$54,610",,,,,,
25-1081,5,STEM-literate,"Education Teachers, Postsecondary",16,3,,,,,,,,,,,,
25-1122,5,,"Communications Teachers, Postsecondary",15,3,,,,,,,,,,,,
25-1125,5,,"History Teachers, Postsecondary",13,3,,,,,,"$47,022",,,,,,
29-1066,5,STEM,Psychiatrists,10,3,,,,,,,,,,,,
29-1151,5,STEM,Nurse Anesthetists,10,3,,,,,,,,,,,,
25-1061,5,,"Anthropology and Archeology Teachers, Postsecondary",10,2,,,,,,,,,,,,
25-1065,5,STEM,"Political Science Teachers, Postsecondary",11,2,10,,,,,"$53,748",,,,,,
25-1111,5,,"Criminal Justice and Law Enforcement Teachers, Postsecondary",11,2,,,,,,,,,,,,
15-1111,5,STEM,Computer and Information Research Scientists, * ,*,,,,,,,,,,,,
19-1011,5,STEM,Animal Scientists, * ,*,,,,,,,,,,,,
19-1042,5,STEM,"Medical Scientists, Except Epidemiologists", * ,*,,,,,,,,,,,,
19-2099,5,STEM,"Physical Scientists, All Other", * ,*,,,,,,,,,,,,
19-3022,5,STEM,Survey Researchers, * ,*,,,,,,,,,,,,
19-3092,5,STEM,Geographers, * ,*,,,,,,,,,,,,
19-3093,5,,Historians, * ,*,,,,,,,,,,,,
25-1043,5,STEM,"Forestry and Conservation Science Teachers, Postsecondary", * ,*,,,,,,,,,,,,
25-1051,5,STEM,"Atmospheric, Earth, Marine, and Space Sciences Teachers, Postsecondary", * ,*,,,,,,,,,,,,
25-1063,5,STEM,"Economics Teachers, Postsecondary", * ,*,,,,,,,,,,,,
25-1064,5,STEM,"Geography Teachers, Postsecondary", * ,*,,,,,,,,,,,,
25-1113,5,,"Social Work Teachers, Postsecondary", * ,*,,,,,,,,,,,,
25-1126,5,,"Philosophy and Religion Teachers, Postsecondary", * ,*,,,,,,"$45,297",,,,,,
25-4011,5,,Archivists, * ,*,,,,,,,,,,,,
29-1023,5,STEM,Orthodontists, * ,*,,,,,,,,,,,,
29-1065,5,STEM,"Pediatricians, General", * ,*,,,,,,,,,,,,
29-1181,5,STEM,Audiologists, * ,*,,$50.70,$49.64,$53.34,$57.06,"$105,467",,,,,,
29-2091,5,STEM,Orthotists and Prosthetists, * ,*,11,$32.94,$28.58,$33.06,$36.83,"$68,519",,,,,,
29-9091,5,STEM,Athletic Trainers, * ,*,,,,,,,,,,,,
29-1141,3&5,STEM,Registered Nurses,3126,843,1815,$38.79,$32.06,$39.09,$47.43,"$80,683",1108,$34.63,$26.73,$33.36,$41.70,"$72,029"
11-9199,4&5,,"Managers, All Other",1165,341,192,$52.57,$41.35,$50.29,$58.68,"$109,345",86,$38.48,$29.46,$35.24,$45.40,"$80,046"
25-3098,AO,,Substitute Teachers,1594,325,368,$17.05,$16.14,$17.17,$18.19,"$35,477",520,$15.96,$14.41,$16.19,$17.79,"$33,184"
13-1199,3&4,STEM-literate,"Business Operations Specialists, All Other",1110,314,670,$29.81,$21.70,$27.26,$37.02,"$61,995",173,$28.61,$22.94,$27.25,$31.65,"$59,508"
11-3031,4&5,STEM-literate,Financial Managers,1036,284,676,$42.99,$32.73,$35.85,$46.69,"$89,431",204,$40.12,$29.79,$37.08,$47.43,"$83,454"
13-1031,3&4,STEM-literate,"Claims Adjusters, Examiners, and Investigators",1016,246,919,$27.82,$23.17,$27.81,$29.94,"$57,870",37,$34.89,$32.22,$34.57,$37.46,"$72,566"
13-1041,3&4,,Compliance Officers,837,189,657,$29.88,$26.45,$28.51,$33.08,"$62,158",97,$27.64,$23.80,$27.28,$30.77,"$57,482"
43-9041,2&3,,Insurance Claims and Policy Processing Clerks,728,177,651,$22.87,$19.24,$22.30,$24.63,"$47,576",,,,,,
51-7099,AO,,"Woodworkers, All Other",161,140,,,,,,,,,,,,
45-1011,2&3&4,STEM-literate,"First-Line Supervisors of Farming, Fishing, and Forestry Workers",319,124,11,$19.12,$10.09,$10.09,$29.04,"$39,771",51,,,,,
43-9199,AO,,"Office and Administrative Support Workers, All Other",325,89,163,$18.67,$14.55,$17.63,$22.54,"$38,816",123,$15.29,$13.42,$14.57,$16.24,"$31,795"
45-4029,AO,,"Logging Workers, All Other",339,88,,,,,,,,,,,,
33-2011,2&3,STEM-literate,Firefighters,451,77,161,$25.75,$19.78,$27.01,$33.12,"$53,567",200,$28.92,$25.88,$28.84,$31.92,"$60,144"
51-2099,AO,,"Assemblers and Fabricators, All Other",127,69,,$13.12,$10.68,$11.69,$14.22,"$27,274",14,$14.93,$11.51,$13.70,$18.23,"$31,051"
43-4031,2&3,,"Court, Municipal, and License Clerks",356,67,,$20.66,$17.86,$20.36,$23.28,"$42,970",157,$21.04,$19.71,$21.58,$23.42,"$43,769"
51-4121,2&3,,"Welders, Cutters, Solderers, and Brazers",225,65,90,$17.71,$9.92,$13.69,$18.34,"$36,849",161,$23.66,$17.44,$21.84,$29.46,"$49,220"
11-9013,3&4,STEM-literate,"Farmers, Ranchers, and Other Agricultural Managers",154,61,,,,,,,,,,,,
29-1069,AO,STEM,"Physicians and Surgeons, All Other",216,60,111,$107.55,$66.23,,,"$223,706",31,$124.22,,,,"$258,391"
31-9099,AO,STEM-literate,"Healthcare Support Workers, All Other",238,60,114,$15.65,$13.42,$15.85,$17.96,"$32,560",103,$18.43,$16.11,$18.30,$21.34,"$38,332"
15-1199,3&4,STEM,"Computer Occupations, All Other",160,59,36,$38.07,$33.52,$38.52,$47.21,"$79,191",,,,,,
25-9099,AO,,"Education, Training, and Library Workers, All Other",274,58,133,$20.55,$16.38,$19.18,$24.17,"$42,741",72,$23.50,$20.13,$22.96,$26.86,"$48,878"
39-9099,AO,,"Personal Care and Service Workers, All Other",132,56,16,$14.78,$12.61,$14.31,$16.96,"$30,725",,,,,,
29-2099,AO,,"Health Technologists and Technicians, All Other",184,47,65,,,,,,52,$22.86,$17.41,$19.85,$24.45,"$47,549"
33-9099,AO,STEM-literate,"Protective Service Workers, All Other",185,41,,,,,,,78,$15.67,$12.69,$14.30,$16.71,"$32,591"
43-4199,AO,,"Information and Record Clerks, All Other",140,41,61,$19.15,$15.03,$18.70,$22.97,"$39,819",38,$16.45,$14.67,$15.91,$17.11,"$34,211"
53-3099,AO,,"Motor Vehicle Operators, All Other",67,39,,$14.85,$9.78,$13.88,$17.29,"$30,898",,,,,,
41-3031,3&4,,"Securities, Commodities, and Financial Services Sales Agents",134,35,76,$44.06,$22.29,$37.33,$49.54,"$91,655",32,$29.59,$17.59,$27.83,$42.33,"$61,541"
29-1071,AO,,Physician Assistants,106,33,69,$63.07,$55.28,$65.94,$73.79,"$131,174",57,$43.09,$40.34,$44.53,$48.84,"$89,620"
17-3011,3&4,STEM,Architectural and Civil Drafters,95,32,,,,,,,20,$21.75,$14.90,$21.89,$26.87,"$45,236"
11-9121,4&5,STEM,Natural Sciences Managers,110,30,79,$53.21,$45.81,$49.82,$55.51,"$110,675",,$47.41,$42.99,$46.77,$50.82,"$98,610"
21-1099,AO,,"Community and Social Service Specialists, All Other",92,30,93,$22.50,$16.62,$18.61,$27.97,"$46,799",12,$23.96,$16.29,$25.17,$31.67,"$49,852"
37-3019,AO,,"Grounds Maintenance Workers, All Other",70,30,14,$17.20,$12.01,$15.81,$18.99,"$35,783",,,,,,
11-3051,3&4,,Industrial Production Managers,129,26,41,$36.40,$31.50,$35.71,$39.47,"$75,718",76,$46.23,$32.84,$42.40,$61.26,"$96,164"
51-4199,AO,,"Metal Workers and Plastic Workers, All Other",40,25,,,,,,,,,,,,
13-2021,3&4,STEM-literate,Appraisers and Assessors of Real Estate,80,24,,,,,,,,$18.92,$13.78,$15.10,$23.92,"$39,348"
29-2011,3&4&5,,Medical and Clinical Laboratory Technologists,90,23,75,$34.35,$30.28,$34.79,$39.31,"$71,451",55,$35.77,$31.00,$35.66,$41.30,"$74,403"
33-1099,AO,,"First-Line Supervisors of Protective Service Workers, All Other",62,23,37,$29.84,$21.15,$27.49,$36.56,"$62,051",25,$24.12,$20.31,$22.74,$26.34,"$50,161"
51-9195,2&3,,"Molders, Shapers, and Casters, Except Metal and Plastic",81,22,,,,,,,,,,,,
13-2099,4&5,STEM-literate,"Financial Specialists, All Other",82,20,30,$23.51,$17.91,$20.22,$24.28,"$48,885",,,,,,
41-9099,AO,,"Sales and Related Workers, All Other",62,20,56,$16.14,$11.39,$14.21,$19.30,"$33,571",,,,,,
25-2051,AO,,"Special Education Teachers, Preschool",80,17,43,,,,,"$56,517",23,,,,,"$62,665"
35-9099,AO,,"Food Preparation and Serving Related Workers, All Other",31,15,28,$10.80,$10.21,$10.86,$11.51,"$22,475",,,,,,
11-9041,4&5,STEM,Architectural and Engineering Managers,64,13,33,$50.41,$44.11,$51.57,$55.98,"$104,842",28,$60.18,$50.39,$63.16,$72.71,"$125,176"
21-2099,AO,,"Religious Workers, All Other",45,12,,,,,,,,,,,,
23-2099,AO,,"Legal Support Workers, All Other",45,12,,,,,,,30,$23.33,$17.93,$22.62,$28.44,"$48,523"
29-1199,AO,,"Health Diagnosing and Treating Practitioners, All Other",36,12,,,,,,,15,$41.36,$26.17,$44.63,$54.43,"$86,029"
53-6051,2&3&4,,Transportation Inspectors,34,12,,,,,,,,,,,,
53-7199,AO,,"Material Moving Workers, All Other",26,12,,,,,,,,,,,,
29-1129,AO,,"Therapists, All Other",38,11,,,,,,,,,,,,
39-3099,AO,,"Entertainment Attendants and Related Workers, All Other",34,11,,,,,,,,,,,,
21-1019,AO,,"Counselors, All Other",29,10,,,,,,,,$14.01,$11.42,$13.11,$14.74,"$29,136"
27-4099,AO,,"Media and Communication Equipment Workers, All Other",29,9,,$44.94,$41.82,$48.00,$55.25,"$93,465",,,,,,
47-4099,2&3,,"Construction and Related Workers, All Other",28,9,19,$25.07,$23.14,$25.38,$27.40,"$52,161",,,,,,
17-2112,4&5,STEM,Industrial Engineers,49,8,18,$30.63,$27.55,$29.54,$34.13,"$63,700",,,,,,
51-3099,AO,,"Food Processing Workers, All Other",24,7,24,$10.94,$9.82,$10.05,$11.78,"$22,763",,,,,,
35-2019,AO,,"Cooks, All Other",15,6,,,,,,,,,,,,
39-3019,AO,,"Gaming Service Workers, All Other",21,6,,,,,,,,,,,,
43-3099,AO,,"Financial Clerks, All Other",22,6,,,,,,,18,$19.21,$17.13,$18.87,$21.61,"$39,941"
11-9039,4&5,,"Education Administrators, All Other",20,5,25,$24.90,$20.18,$22.41,$24.69,"$51,781",,,,,,
29-1081,AO,,Podiatrists,15,5,,,,,,,,,,,,
53-5021,2&3,,"Captains, Mates, and Pilots of Water Vessels",23,5,,,,,,,,,,,,
53-6099,AO,,"Transportation Workers, All Other",16,5,,,,,,,,,,,,
49-9069,AO,,"Precision Instrument and Equipment Repairers, All Other",18,4,,,,,,,,,,,,
19-1099,AO,STEM,"Life Scientists, All Other",11,3,,,,,,,,,,,,
15-2099,4&5,STEM,"Mathematical Science Occupations, All Other", * ,*,,,,,,,,,,,,
17-3019,AO,STEM,"Drafters, All Other", * ,*,,,,,,,,,,,,
19-4099,3&4,,"Life, Physical, and Social Science Technicians, All Other", * ,*,,,,,,,,,,,,
21-1029,AO,,"Social Workers, All Other", * ,*,,,,,,,,,,,,
25-1069,AO,,"Social Sciences Teachers, Postsecondary, All Other", * ,*,,,,,,,,,,,,
25-1199,AO,,"Postsecondary Teachers, All Other", * ,*,,,,,,"$40,245",,,,,,
25-3097,AO,,"Teachers and Instructors, All Other, Except Substitute Teachers", * ,*,87,,,,,"$45,612",73,,,,,"$41,543"
27-1019,AO,,"Artists and Related Workers, All Other", * ,*,,,,,,,,,,,,
27-1029,AO,,"Designers, All Other", * ,*,,,,,,,,,,,,
27-2099,AO,,"Entertainers and Performers, Sports and Related Workers, All Other", * ,*,,,,,,,,,,,,
29-1029,AO,STEM,"Dentists, All Other Specialists", * ,*,,,,,,,,,,,,
43-4041,2&3,,"Credit Authorizers, Checkers, and Clerks", * ,*,,,,,,,,,,,,
45-2099,AO,,"Agricultural Workers, All Other", * ,*,,,,,,,,,,,,
47-3019,AO,,"Helpers, Construction Trades, All Other", * ,*,,,,,,,,,,,,
51-6099,AO,,"Textile, Apparel, and Furnishings Workers, All Other", * ,*,,,,,,,,,,,,
51-8099,2&3,STEM-literate,"Plant and System Operators, All Other", * ,*,,,,,,,,,,,,
